category,triggers,samples,mean_impact,median_impact,mean_prompt_shift
special_token,1,1,0.18373122724514562,0.18373122724514562,-0.18335802564812853
content_heavy,1,1,0.041748046875,0.041748046875,0.04399414062500001
