category,triggers,samples,mean_impact,median_impact,mean_prompt_shift
content_heavy,1,1,0.24190848214285715,0.24190848214285715,-0.2383290816326531
special_token,1,1,0.1287109375,0.1287109375,-0.122734375
