category,triggers,samples,mean_impact,median_impact,mean_prompt_shift
special_token,3,3,0.12412555747386383,0.06760458167330677,-0.11801408515961466
punctuation,1,1,0.0590020541487069,0.0590020541487069,0.0594317286969496
sentence_boundary,1,1,0.0590020541487069,0.0590020541487069,0.0594317286969496
content_heavy,1,1,0.051350911458333336,0.051350911458333336,0.06001790364583334
