category,triggers,samples,mean_impact,median_impact,mean_prompt_shift
special_token,1,1,0.20691396675857843,0.20691396675857843,-0.20647850675140483
sentence_boundary,1,1,0.15985988028606965,0.15985988028606965,-0.16042188115733214
punctuation,1,1,0.15985988028606965,0.15985988028606965,-0.16042188115733214
other,1,1,0.10784761776477833,0.10784761776477833,0.10886041344069952
content_heavy,1,1,0.05268429487179487,0.05268429487179487,-0.05156463106928533
