category,triggers,samples,mean_impact,median_impact,mean_prompt_shift
other,1,1,0.22098214285714285,0.22098214285714285,-0.2625209263392857
punctuation,1,1,0.20377604166666666,0.20377604166666666,0.1919642857142857
sentence_boundary,1,1,0.20377604166666666,0.20377604166666666,0.1919642857142857
