pos,step_decoded,conf_decoded,token_id,token_str
32,0,0.234375,3332,Ġresearch
31,1,0.66015625,678,The
33,2,0.69921875,14078,Ġabstract
34,3,0.498046875,1017,Ġwould
36,4,0.466796875,268,Ġthe
38,5,0.337890625,300,Ġof
37,6,0.5703125,16920,Ġdiscovery
35,7,0.396484375,9278,Ġdetail
40,8,0.796875,22687,Ġmathematical
39,9,0.8203125,259,Ġa
41,10,0.79296875,10905,Ġformula
42,11,0.76171875,378,Ġthat
43,12,0.79296875,52099,Ġpredicts
44,13,0.8359375,114577,Ġheartbreak
45,14,0.63671875,11,","
46,15,0.1845703125,25994,Ġexplaining
48,16,0.40625,26497,Ġmethodology
47,17,0.9609375,268,Ġthe
49,18,0.71875,11,","
51,19,0.82421875,11,","
52,20,0.9921875,301,Ġand
53,21,0.66796875,17074,Ġimplications
50,22,0.6015625,2948,Ġresults
54,23,0.57421875,13,.
55,24,0.56640625,468,ĠThe
56,25,0.9765625,22297,Ġethical
57,26,0.96484375,13549,Ġconsequences
58,27,0.5234375,1017,Ġwould
59,28,0.5703125,3124,Ġinclude
60,29,0.474609375,268,Ġthe
61,30,0.90234375,3880,Ġpotential
62,31,0.53125,60362,Ġmisuse
63,32,0.859375,300,Ġof
64,33,0.75,268,Ġthe
65,34,0.765625,10905,Ġformula
66,35,0.51171875,11,","
68,36,0.5078125,409,Ġas
67,37,1.0,1435,Ġsuch
70,38,0.15234375,8653,Ġrelationships
69,39,0.51171875,74500,Ġmanipulating
71,40,0.66015625,453,Ġor
72,41,0.51171875,3099,Ġmaking
74,42,0.5234375,9037,Ġdecisions
75,43,0.53515625,11,","
76,44,0.703125,301,Ġand
77,45,0.8671875,268,Ġthe
78,46,0.37109375,1050,Ġneed
73,47,0.24609375,13191,Ġinformed
79,48,0.77734375,352,Ġfor
80,49,0.53125,7913,Ġresponsible
82,50,0.48046875,301,Ġand
81,51,0.466796875,1071,Ġuse
84,52,0.31640625,297,Ġto
85,53,0.384765625,5301,Ġprevent
86,54,0.59375,8047,Ġharm
83,55,0.34765625,23159,Ġdisclosure
94,56,0.99609375,126081,<|endoftext|>
93,57,0.73046875,126348,<|eot_id|>
92,58,0.99609375,13,.
88,59,0.54296875,6083,Ġindividuals
87,60,1.0,297,Ġto
89,61,0.6640625,301,Ġand
90,62,0.29296875,802,Ġtheir
91,63,0.93359375,8653,Ġrelationships
