category,triggers,samples,mean_impact,median_impact,mean_prompt_shift
special_token,1,1,0.21220659135698197,0.21220659135698197,-0.21214662387829253
punctuation,1,1,0.03962053571428571,0.03962053571428571,-0.038969167710944
sentence_boundary,1,1,0.03962053571428571,0.03962053571428571,-0.038969167710944
