category,triggers,samples,mean_impact,median_impact,mean_prompt_shift
sentence_boundary,2,2,0.07187158131529509,0.07187158131529509,-0.018667838700473338
punctuation,2,2,0.07187158131529509,0.07187158131529509,-0.018667838700473338
special_token,3,3,0.06639502729822476,0.055524040670955885,-0.029403964848053982
other,1,1,0.052490234375,0.052490234375,0.058251953125000006
content_heavy,4,4,0.03978788916796009,0.038758374902190924,-0.020916836127925324
contrast_marker,1,1,0.03897331621004566,0.03897331621004566,-0.03840018874533002
