category,triggers,samples,mean_impact,median_impact,mean_prompt_shift
content_heavy,2,2,0.03213778409090909,0.03213778409090909,-0.013165838068181779
cause_marker,1,1,0.028965212264150945,0.028965212264150945,-0.026728194881201928
contrast_marker,1,1,0.027901785714285716,0.027901785714285716,-0.026625067640692723
