category,triggers,samples,mean_impact,median_impact,mean_prompt_shift
special_token,2,2,0.11115906967784159,0.11115906967784159,-0.07249892311745161
punctuation,1,1,0.051576967592592594,0.051576967592592594,-0.05117976641414143
sentence_boundary,1,1,0.051576967592592594,0.051576967592592594,-0.05117976641414143
content_heavy,1,1,0.04818423763736264,0.04818423763736264,-0.047667896268690335
