category,triggers,samples,mean_impact,median_impact,mean_prompt_shift
special_token,1,1,0.17676897321428572,0.17676897321428572,-0.17650910612824683
sentence_boundary,3,3,0.04852063400426262,0.04894415222772277,-0.019451431478634578
punctuation,3,3,0.04852063400426262,0.04894415222772277,-0.019451431478634578
content_heavy,2,2,0.04032424211739781,0.04032424211739781,-0.039952941643161266
other,1,1,0.03758550995024876,0.03758550995024876,0.03723646618393184
