category,triggers,samples,mean_impact,median_impact,mean_prompt_shift
special_token,1,1,0.19832238828502416,0.19832238828502416,-0.1983242027824229
content_heavy,2,2,0.04355054710343567,0.04355054710343567,-0.041731952260136554
