category,triggers,samples,mean_impact,median_impact,mean_prompt_shift
special_token,3,3,0.09129916684267371,0.040330153245192304,-0.090967950833981
addition_marker,1,1,0.0395751953125,0.0395751953125,-0.03727271670386903
