category,triggers,samples,mean_impact,median_impact,mean_prompt_shift
special_token,2,2,0.18368324726260582,0.18368324726260582,-0.18301736261724952
content_heavy,3,3,0.0957215436899735,0.06961609887295082,0.053344059187199644
