category,triggers,samples,mean_impact,median_impact,mean_prompt_shift
other,2,2,0.23483072916666667,0.23483072916666667,-0.05142299107142856
