category,triggers,samples,mean_impact,median_impact,mean_prompt_shift
content_heavy,2,2,0.04581473214285714,0.04581473214285714,0.004203023538961015
other,1,1,0.040736607142857144,0.040736607142857144,-0.04931640625
