category,triggers,samples,mean_impact,median_impact,mean_prompt_shift
special_token,1,1,0.14706939121462265,0.14706939121462265,-0.14673400873499642
content_heavy,1,1,0.037478469488188976,0.037478469488188976,-0.03704032055735684
punctuation,1,1,0.03479929956896552,0.03479929956896552,-0.03338326087919227
sentence_boundary,1,1,0.03479929956896552,0.03479929956896552,-0.03338326087919227
