category,triggers,samples,mean_impact,median_impact,mean_prompt_shift
special_token,2,2,0.07976028848568559,0.07976028848568559,-0.0865922769248477
other,1,1,0.03696511008522727,0.03696511008522727,-0.03388062463886743
content_heavy,2,2,0.030860518452049065,0.030860518452049065,-0.016795153744879804
contrast_marker,1,1,0.02962085308056872,0.02962085308056872,-0.0012250039121881606
