category,triggers,samples,mean_impact,median_impact,mean_prompt_shift
other,1,1,0.044677734375,0.044677734375,-0.03980232007575757
content_heavy,1,1,0.04352678571428571,0.04352678571428571,0.04265591179653683
