category,triggers,samples,mean_impact,median_impact,mean_prompt_shift
other,4,4,0.07691714091835336,0.08357612454161352,0.0770755963477866
punctuation,4,4,0.05952106510709379,0.05971182680167056,-0.05980698559610398
sentence_boundary,4,4,0.05952106510709379,0.05971182680167056,-0.05980698559610398
content_heavy,1,1,0.04974724264705882,0.04974724264705882,-0.049849366830065356
