category,triggers,samples,mean_impact,median_impact,mean_prompt_shift
content_heavy,3,3,0.042115374795751635,0.03984375,0.0009583470808195068
other,1,1,0.04151348039215686,0.04151348039215686,-0.0396649344834088
