category,triggers,samples,mean_impact,median_impact,mean_prompt_shift
special_token,1,1,0.03822544642857143,0.03822544642857143,-0.0701032366071429
content_heavy,2,2,0.036342075892857144,0.036342075892857144,0.01666547705564786
