category,triggers,samples,mean_impact,median_impact,mean_prompt_shift
special_token,1,1,0.23869474943693694,0.23869474943693694,-0.23866141225306026
content_heavy,1,1,0.06845164862204725,0.06845164862204725,-0.06830214123050793
clause_boundary,1,1,0.05660111091040462,0.05660111091040462,-0.05640029628430002
punctuation,2,2,0.05565956424426481,0.05565956424426481,-0.055629599761922104
sentence_boundary,1,1,0.054718017578125,0.054718017578125,-0.05485890323954419
