category,triggers,samples,mean_impact,median_impact,mean_prompt_shift
other,1,1,0.05307904411764706,0.05307904411764706,-0.04298151552287588
content_heavy,1,1,0.041910807291666664,0.041910807291666664,-0.03978163531037415
