category,triggers,samples,mean_impact,median_impact,mean_prompt_shift
special_token,2,2,0.12832612423780487,0.12832612423780487,-0.12769692699056362
content_heavy,1,1,0.0900735294117647,0.0900735294117647,-0.0897163601667278
