category,triggers,samples,mean_impact,median_impact,mean_prompt_shift
special_token,2,2,0.09587937585786634,0.09587937585786634,-0.09540339551630064
other,1,1,0.061130478087649404,0.061130478087649404,-0.06030077359213948
punctuation,4,4,0.04387717399586254,0.04194309186674186,-0.018569142277687155
sentence_boundary,4,4,0.04387717399586254,0.04194309186674186,-0.018569142277687155
empty,1,1,0.04140009842519685,0.04140009842519685,-0.04118985930986563
