category,triggers,samples,mean_impact,median_impact,mean_prompt_shift
special_token,1,1,0.267871921345339,0.267871921345339,-0.26783951592447075
punctuation,1,1,0.0544891357421875,0.0544891357421875,0.05521824563196462
sentence_boundary,1,1,0.0544891357421875,0.0544891357421875,0.05521824563196462
