category,triggers,samples,mean_impact,median_impact,mean_prompt_shift
punctuation,1,1,0.19078480113636365,0.19078480113636365,-0.1889105902777778
sentence_boundary,1,1,0.19078480113636365,0.19078480113636365,-0.1889105902777778
