category,triggers,samples,mean_impact,median_impact,mean_prompt_shift
special_token,1,1,0.10323506560773481,0.10323506560773481,-0.09766372051636207
other,1,1,0.03696511008522727,0.03696511008522727,-0.03388062463886743
contrast_marker,1,1,0.02962085308056872,0.02962085308056872,-0.0012250039121881606
content_heavy,3,3,0.02924266044951419,0.02962085308056872,-0.019312704512319052
