category,triggers,samples,mean_impact,median_impact,mean_prompt_shift
content_heavy,1,1,0.166015625,0.166015625,-0.1395941840277778
punctuation,1,1,0.13893821022727273,0.13893821022727273,-0.13026751893939392
sentence_boundary,1,1,0.13893821022727273,0.13893821022727273,-0.13026751893939392
special_token,2,2,0.13338216145833334,0.13338216145833334,0.12703697127525254
