category,triggers,samples,mean_impact,median_impact,mean_prompt_shift
punctuation,1,1,0.036783854166666664,0.036783854166666664,-0.033203125
sentence_boundary,1,1,0.036783854166666664,0.036783854166666664,-0.033203125
content_heavy,1,1,0.034577546296296294,0.034577546296296294,-0.028268642526455
