category,triggers,samples,mean_impact,median_impact,mean_prompt_shift
sentence_boundary,1,1,0.14004448784722223,0.14004448784722223,-0.13989323755946897
punctuation,1,1,0.14004448784722223,0.14004448784722223,-0.13989323755946897
special_token,1,1,0.06275669642857143,0.06275669642857143,-0.06242517248376628
other,2,2,0.039710740282558804,0.039710740282558804,-0.03890879755139509
content_heavy,3,3,0.03955543110409996,0.040359933035714286,-0.038267440361782507
empty,1,1,0.036278912401574805,0.036278912401574805,-0.03513116122433224
