category,triggers,samples,mean_impact,median_impact,mean_prompt_shift
other,1,1,0.3582786704009434,0.3582786704009434,0.3560510364801712
special_token,5,5,0.3262578790838068,0.32646484375,-0.06159911052489181
