category,triggers,samples,mean_impact,median_impact,mean_prompt_shift
sentence_boundary,1,1,0.04215801886792453,0.04215801886792453,-0.04026904262753317
punctuation,1,1,0.04215801886792453,0.04215801886792453,-0.04026904262753317
content_heavy,1,1,0.037109375,0.037109375,-0.03290982744107751
other,1,1,0.0357921511627907,0.0357921511627907,-0.03654160610465118
