category,triggers,samples,mean_impact,median_impact,mean_prompt_shift
special_token,1,1,0.2562779017857143,0.2562779017857143,-0.2938755580357143
punctuation,1,1,0.22607421875,0.22607421875,0.21688988095238093
sentence_boundary,1,1,0.22607421875,0.22607421875,0.21688988095238093
