category,triggers,samples,mean_impact,median_impact,mean_prompt_shift
punctuation,1,1,0.04074928977272727,0.04074928977272727,-0.03712515782828285
sentence_boundary,1,1,0.04074928977272727,0.04074928977272727,-0.03712515782828285
content_heavy,1,1,0.03893649193548387,0.03893649193548387,-0.03677135336661552
