category,triggers,samples,mean_impact,median_impact,mean_prompt_shift
other,2,2,0.21196056547619047,0.21196056547619047,-0.0626220703125
content_heavy,1,1,0.1083984375,0.1083984375,0.10175781249999999
