category,triggers,samples,mean_impact,median_impact,mean_prompt_shift
sentence_boundary,1,1,0.213497814119171,0.213497814119171,-0.21319427172359917
punctuation,1,1,0.213497814119171,0.213497814119171,-0.21319427172359917
other,2,2,0.1666773653578484,0.1666773653578484,-0.06620792147675855
content_heavy,7,7,0.11975930966948692,0.11499865301724138,0.013973835147756035
