category,triggers,samples,mean_impact,median_impact,mean_prompt_shift
contrast_marker,1,1,0.1732484879032258,0.1732484879032258,0.1739187942643714
sentence_boundary,9,9,0.15350173453256202,0.15599959935897437,-0.15393195923954572
punctuation,9,9,0.15350173453256202,0.15599959935897437,-0.15393195923954572
other,8,8,0.1391020716818695,0.1406718089168233,0.13934532030449792
content_heavy,1,1,0.09742272418478261,0.09742272418478261,-0.09720049072039783
