category,triggers,samples,mean_impact,median_impact,mean_prompt_shift
content_heavy,1,1,0.11865234375,0.11865234375,-0.08485243055555558
special_token,1,1,0.111328125,0.111328125,-0.1029575892857143
punctuation,1,1,0.0810546875,0.0810546875,-0.032794744318181746
sentence_boundary,1,1,0.0810546875,0.0810546875,-0.032794744318181746
