category,triggers,samples,mean_impact,median_impact,mean_prompt_shift
special_token,2,2,0.10703264041561977,0.10703264041561977,-0.07458043288545592
punctuation,2,2,0.03894884533804194,0.03894884533804194,-0.04476969955957484
sentence_boundary,2,2,0.03894884533804194,0.03894884533804194,-0.04476969955957484
