category,triggers,samples,mean_impact,median_impact,mean_prompt_shift
content_heavy,2,2,0.05896671516531714,0.05896671516531714,-0.05067209039445475
punctuation,1,1,0.05517578125,0.05517578125,-0.030957031250000044
sentence_boundary,1,1,0.05517578125,0.05517578125,-0.030957031250000044
