category,triggers,samples,mean_impact,median_impact,mean_prompt_shift
special_token,1,1,0.15939220369170984,0.15939220369170984,-0.15950409550104155
punctuation,2,2,0.044619387740159326,0.044619387740159326,-0.0435007981068784
sentence_boundary,2,2,0.044619387740159326,0.044619387740159326,-0.0435007981068784
