category,triggers,samples,mean_impact,median_impact,mean_prompt_shift
special_token,1,1,0.14737508585164835,0.14737508585164835,-0.14631484145124007
punctuation,2,2,0.042924736528252155,0.042924736528252155,-0.03975345544606493
sentence_boundary,2,2,0.042924736528252155,0.042924736528252155,-0.03975345544606493
content_heavy,1,1,0.0353515625,0.0353515625,-0.03350978944359756
