category,triggers,samples,mean_impact,median_impact,mean_prompt_shift
other,1,1,0.06825086805555555,0.06825086805555555,0.06730286001461994
punctuation,1,1,0.06359011627906977,0.06359011627906977,-0.06190745573467238
sentence_boundary,1,1,0.06359011627906977,0.06359011627906977,-0.06190745573467238
content_heavy,2,2,0.047173394097222224,0.047173394097222224,0.011036706349206338
