category,triggers,samples,mean_impact,median_impact,mean_prompt_shift
punctuation,2,2,0.11773420495180349,0.11773420495180349,-0.11764473523209165
sentence_boundary,2,2,0.11773420495180349,0.11773420495180349,-0.11764473523209165
condition_marker,1,1,0.04948954183266932,0.04948954183266932,-0.04738146866897497
special_token,1,1,0.03901586639747191,0.03901586639747191,-0.03657790824493129
