category,triggers,samples,mean_impact,median_impact,mean_prompt_shift
special_token,1,1,0.1778588388480392,0.1778588388480392,-0.17786789925573887
other,1,1,0.042236328125,0.042236328125,0.04627821180555555
content_heavy,2,2,0.0415878984063745,0.0415878984063745,-0.04100167410714284
