category,triggers,samples,mean_impact,median_impact,mean_prompt_shift
special_token,1,1,0.2025814964657738,0.2025814964657738,-0.2015879424937042
content_heavy,1,1,0.06400923295454546,0.06400923295454546,-0.06161156551781549
other,1,1,0.03886190878378378,0.03886190878378378,0.0320779070401046
