category,triggers,samples,mean_impact,median_impact,mean_prompt_shift
special_token,1,1,0.18213565668202766,0.18213565668202766,-0.18141181219084257
other,1,1,0.046767629253926704,0.046767629253926704,-0.042236754199389215
