category,triggers,samples,mean_impact,median_impact,mean_prompt_shift
special_token,2,2,0.1595299205619748,0.1595299205619748,-0.1589650103046838
other,2,2,0.11361811113401137,0.11361811113401137,-0.011753952170016124
content_heavy,1,1,0.11239202235772358,0.11239202235772358,0.11349571380961787
