category,triggers,samples,mean_impact,median_impact,mean_prompt_shift
special_token,1,1,0.2085393044800885,0.2085393044800885,-0.20851592880760017
content_heavy,2,2,0.06071932576794995,0.06071932576794995,-0.06060978430403785
