category,triggers,samples,mean_impact,median_impact,mean_prompt_shift
special_token,2,2,0.08509031542304421,0.08509031542304421,-0.08508011116409842
content_heavy,3,3,0.032861358223417396,0.033223902925531915,-0.03169918664006954
