category,triggers,samples,mean_impact,median_impact,mean_prompt_shift
special_token,2,2,0.13358072619084244,0.13358072619084244,-0.13310916163340336
punctuation,1,1,0.03993055555555555,0.03993055555555555,0.0429429150132275
sentence_boundary,1,1,0.03993055555555555,0.03993055555555555,0.0429429150132275
