category,triggers,samples,mean_impact,median_impact,mean_prompt_shift
special_token,4,4,0.12284144649008016,0.11944462754493763,-0.12221619650188062
content_heavy,1,1,0.10298732069672131,0.10298732069672131,0.10238877185095352
other,1,1,0.09338274572649573,0.09338274572649573,0.09461002852791423
