category,triggers,samples,mean_impact,median_impact,mean_prompt_shift
other,1,1,0.0757587139423077,0.0757587139423077,0.0759815705128205
sentence_boundary,2,2,0.058583145052990705,0.058583145052990705,-0.05737138542908665
punctuation,2,2,0.058583145052990705,0.058583145052990705,-0.05737138542908665
special_token,1,1,0.0443359375,0.0443359375,0.026208496093749978
content_heavy,5,5,0.04279423910404245,0.03959424083769633,-0.014309089844328975
