category,triggers,samples,mean_impact,median_impact,mean_prompt_shift
content_heavy,1,1,0.08246527777777778,0.08246527777777778,-0.08246527777777779
other,1,1,0.055424528301886794,0.055424528301886794,-0.05526347396925224
