category,triggers,samples,mean_impact,median_impact,mean_prompt_shift
special_token,1,1,0.18987644179184548,0.18987644179184548,-0.18968668897417557
content_heavy,2,2,0.08063255075652309,0.08063255075652309,-0.08047028789370081
