category,triggers,samples,mean_impact,median_impact,mean_prompt_shift
sentence_boundary,1,1,0.050180288461538464,0.050180288461538464,-0.04980218349358978
punctuation,1,1,0.050180288461538464,0.050180288461538464,-0.04980218349358978
content_heavy,1,1,0.04105718085106383,0.04105718085106383,-0.036501620678191515
other,1,1,0.03658234126984127,0.03658234126984127,-0.03658234126984128
