category,triggers,samples,mean_impact,median_impact,mean_prompt_shift
special_token,1,1,0.18212256493506493,0.18212256493506493,-0.18236564867424243
other,1,1,0.1670516304347826,0.1670516304347826,0.16788280220685114
content_heavy,2,2,0.07366839513856724,0.07366839513856724,-0.0735343873031496
temporal_marker,1,1,0.066015625,0.066015625,0.0708333333333333
