category,triggers,samples,mean_impact,median_impact,mean_prompt_shift
other,1,1,0.07514675414364641,0.07514675414364641,0.06530061357841055
sentence_boundary,2,2,0.06402499433876813,0.06402499433876813,-0.06269379398189659
punctuation,2,2,0.06402499433876813,0.06402499433876813,-0.06269379398189659
special_token,1,1,0.058342120398773005,0.058342120398773005,-0.05472490834954358
content_heavy,2,2,0.03340743215460526,0.03340743215460526,-0.00351031513036959
