category,triggers,samples,mean_impact,median_impact,mean_prompt_shift
special_token,1,1,0.2592075892857143,0.2592075892857143,-0.29129464285714285
other,1,1,0.206640625,0.206640625,0.19882812500000002
