category,triggers,samples,mean_impact,median_impact,mean_prompt_shift
special_token,2,2,0.13608100887222718,0.13608100887222718,-0.13545738958107068
other,1,1,0.050227608267716536,0.050227608267716536,-0.04992033107534344
content_heavy,1,1,0.04679395746887967,0.04679395746887967,-0.04575587632025646
