category,triggers,samples,mean_impact,median_impact,mean_prompt_shift
special_token,3,3,0.17799138326898345,0.18713492990654207,-0.05258428111488964
other,4,4,0.15975286817643497,0.16658999647394168,-0.006133769659963373
sentence_boundary,2,2,0.10348833503314636,0.10348833503314636,-0.10366610060761888
punctuation,3,3,0.10012109932442315,0.09929613797169812,-0.1003382636553481
content_heavy,1,1,0.0973858173076923,0.0973858173076923,-0.09787956649005758
clause_boundary,1,1,0.09338662790697674,0.09338662790697674,-0.09368258975080657
