category,triggers,samples,mean_impact,median_impact,mean_prompt_shift
punctuation,2,2,0.13492037413550204,0.13492037413550204,-0.08851493416402484
sentence_boundary,2,2,0.13492037413550204,0.13492037413550204,-0.08851493416402484
content_heavy,2,2,0.044618169085734745,0.044618169085734745,-0.04388778414808897
