category,triggers,samples,mean_impact,median_impact,mean_prompt_shift
punctuation,1,1,0.20393172554347827,0.20393172554347827,-0.20202015639454207
sentence_boundary,1,1,0.20393172554347827,0.20393172554347827,-0.20202015639454207
