category,triggers,samples,mean_impact,median_impact,mean_prompt_shift
other,1,1,0.04660560344827586,0.04660560344827586,-0.0447175445645821
content_heavy,1,1,0.03767641129032258,0.03767641129032258,-0.03724438364055305
