category,triggers,samples,mean_impact,median_impact,mean_prompt_shift
punctuation,2,2,0.089990150477878,0.089990150477878,-0.08938314453280746
sentence_boundary,2,2,0.089990150477878,0.089990150477878,-0.08938314453280746
content_heavy,2,2,0.04758603962418301,0.04758603962418301,-0.00859678181168301
special_token,2,2,0.036454364216789416,0.036454364216789416,-0.035620283150875814
