category,triggers,samples,mean_impact,median_impact,mean_prompt_shift
special_token,3,3,0.07459179177280832,0.05670362903225806,-0.0736429034028482
content_heavy,7,7,0.03811258404088853,0.03415643601190476,-0.026987976680352226
other,1,1,0.036345108695652176,0.036345108695652176,0.030039911684782622
punctuation,1,1,0.032167257085020245,0.032167257085020245,0.031959241747747225
sentence_boundary,1,1,0.032167257085020245,0.032167257085020245,0.031959241747747225
