category,triggers,samples,mean_impact,median_impact,mean_prompt_shift
other,1,1,0.04337284482758621,0.04337284482758621,-0.04084439837814147
content_heavy,1,1,0.04311615566037736,0.04311615566037736,-0.04169532887840666
