category,triggers,samples,mean_impact,median_impact,mean_prompt_shift
special_token,1,1,0.15541294642857142,0.15541294642857142,-0.19290597098214285
punctuation,1,1,0.12565104166666666,0.12565104166666666,0.11779203869047622
sentence_boundary,1,1,0.12565104166666666,0.12565104166666666,0.11779203869047622
