category,triggers,samples,mean_impact,median_impact,mean_prompt_shift
special_token,1,1,0.2513456937799043,0.2513456937799043,-0.250816805864092
content_heavy,1,1,0.0567046618852459,0.0567046618852459,-0.05550893641267984
