category,triggers,samples,mean_impact,median_impact,mean_prompt_shift
other,1,1,0.24327799479166667,0.24327799479166667,0.24418573867565696
special_token,2,2,0.2319829772581381,0.2319829772581381,-0.23161572142592915
