category,triggers,samples,mean_impact,median_impact,mean_prompt_shift
punctuation,1,1,0.1856011284722222,0.1856011284722222,-0.18511271124860756
sentence_boundary,1,1,0.1856011284722222,0.1856011284722222,-0.18511271124860756
other,1,1,0.03505859375,0.03505859375,-0.027068536931818182
