category,triggers,samples,mean_impact,median_impact,mean_prompt_shift
other,1,1,0.0756578947368421,0.0756578947368421,0.07579152960526314
content_heavy,1,1,0.05603448275862069,0.05603448275862069,-0.05261908240794855
