category,triggers,samples,mean_impact,median_impact,mean_prompt_shift
special_token,2,2,0.17049696021127192,0.17049696021127192,-0.17016540439522712
punctuation,1,1,0.04976851851851852,0.04976851851851852,0.05076851107196351
sentence_boundary,1,1,0.04976851851851852,0.04976851851851852,0.05076851107196351
