category,triggers,samples,mean_impact,median_impact,mean_prompt_shift
other,1,1,0.06752232142857142,0.06752232142857142,-0.06312567640692635
content_heavy,1,1,0.06364889705882353,0.06364889705882353,-0.05980647467320266
