category,triggers,samples,mean_impact,median_impact,mean_prompt_shift
special_token,3,3,0.16351005809862587,0.11577212968061674,-0.08971349901441206
content_heavy,2,2,0.11407289936982795,0.11407289936982795,-0.11336100989776077
other,4,4,0.11106223414536631,0.10437006936055243,-0.012487376410599188
empty,1,1,0.07790087090163934,0.07790087090163934,0.07840944138926065
