category,triggers,samples,mean_impact,median_impact,mean_prompt_shift
special_token,1,1,0.17752270628078817,0.17752270628078817,-0.1770356041123346
other,2,2,0.039270638320852536,0.039270638320852536,-0.0025651205254722392
punctuation,2,2,0.038319067861519604,0.038319067861519604,-0.0013211818520141028
sentence_boundary,2,2,0.038319067861519604,0.038319067861519604,-0.0013211818520141028
