category,triggers,samples,mean_impact,median_impact,mean_prompt_shift
special_token,2,2,0.1426722611585397,0.1426722611585397,-0.14124528147160292
content_heavy,1,1,0.04052734375,0.04052734375,0.040673828125000006
other,1,1,0.03956980519480519,0.03956980519480519,-0.03890644534165544
