category,triggers,samples,mean_impact,median_impact,mean_prompt_shift
special_token,1,1,0.1831393771701389,0.1831393771701389,-0.18410602438038792
other,2,2,0.05308966287901547,0.05308966287901547,0.052454744221971605
condition_marker,1,1,0.04581263075313807,0.04581263075313807,-0.04524746393392609
content_heavy,3,3,0.04411218914649193,0.04286151960784314,-0.04178008883029561
punctuation,2,2,0.0432802310286053,0.0432802310286053,-0.043278412358644186
sentence_boundary,2,2,0.0432802310286053,0.0432802310286053,-0.043278412358644186
