category,triggers,samples,mean_impact,median_impact,mean_prompt_shift
other,1,1,0.17395619877049182,0.17395619877049182,0.1752517695090331
special_token,3,3,0.14835390495932688,0.13623583447802198,-0.14782177714863026
