category,triggers,samples,mean_impact,median_impact,mean_prompt_shift
content_heavy,1,1,0.17671589994635192,0.17671589994635192,0.17765311121542682
special_token,2,2,0.14963659091545875,0.14963659091545875,-0.08822530111970789
punctuation,1,1,0.12551153273809523,0.12551153273809523,-0.12472772434551804
sentence_boundary,1,1,0.12551153273809523,0.12551153273809523,-0.12472772434551804
other,1,1,0.06740806842672414,0.06740806842672414,-0.06652609822452638
