category,triggers,samples,mean_impact,median_impact,mean_prompt_shift
cause_marker,1,1,0.21752604166666667,0.21752604166666667,0.21837658247295966
special_token,2,2,0.19480954395294497,0.19480954395294497,-0.19420328413949614
content_heavy,3,3,0.1427045285327128,0.10185248362445415,0.07590287361550492
sentence_boundary,2,2,0.12646990624860943,0.12646990624860943,-0.12601762612716372
punctuation,3,3,0.11341366028435824,0.09130366161616162,-0.11294007562199689
clause_boundary,1,1,0.08730116835585586,0.08730116835585586,-0.08678497461166323
other,1,1,0.08566254550970874,0.08566254550970874,-0.08471470139475168
