category,triggers,samples,mean_impact,median_impact,mean_prompt_shift
sentence_boundary,3,3,0.09546371053154672,0.06787557339449542,-0.04992389899297733
punctuation,4,4,0.08531672115167208,0.061375663203271806,-0.05094384982204222
other,1,1,0.05881980613425926,0.05881980613425926,-0.05828199992567107
clause_boundary,1,1,0.054875753012048195,0.054875753012048195,-0.0540037023092369
content_heavy,3,3,0.053224551288864906,0.044417317708333334,-0.024097100612827826
filler_marker,1,1,0.04290301983173077,0.04290301983173077,0.043422243446657516
