category,triggers,samples,mean_impact,median_impact,mean_prompt_shift
special_token,1,1,0.127993483040201,0.127993483040201,-0.1278160332914573
content_heavy,4,4,0.045085793137317545,0.03390225206120509,-0.04460158878078699
punctuation,1,1,0.03567804074754902,0.03567804074754902,-0.03485821855967766
sentence_boundary,1,1,0.03567804074754902,0.03567804074754902,-0.03485821855967766
