category,triggers,samples,mean_impact,median_impact,mean_prompt_shift
sentence_boundary,1,1,0.052734375,0.052734375,-0.039760044642857095
punctuation,1,1,0.052734375,0.052734375,-0.039760044642857095
content_heavy,1,1,0.040318080357142856,0.040318080357142856,-0.038004156403940836
other,1,1,0.038736979166666664,0.038736979166666664,0.028366815476190466
