category,triggers,samples,mean_impact,median_impact,mean_prompt_shift
content_heavy,1,1,0.19904077832943926,0.19904077832943926,-0.19807249358155832
special_token,3,3,0.16163335916057495,0.17724384360599077,-0.04248498829649163
other,2,2,0.14883348726905146,0.14883348726905146,0.02221318477985068
