category,triggers,samples,mean_impact,median_impact,mean_prompt_shift
special_token,1,1,0.2753819828539823,0.2753819828539823,-0.2753606630223968
punctuation,1,1,0.06271597055288461,0.06271597055288461,-0.06373647127857401
sentence_boundary,1,1,0.06271597055288461,0.06271597055288461,-0.06373647127857401
content_heavy,1,1,0.057088216145833336,0.057088216145833336,-0.05724471654647435
