category,triggers,samples,mean_impact,median_impact,mean_prompt_shift
other,2,2,0.24646809895833333,0.24646809895833333,-0.04988839285714286
