category,triggers,samples,mean_impact,median_impact,mean_prompt_shift
special_token,2,2,0.11018843525160367,0.11018843525160367,-0.11806288082122776
sentence_boundary,1,1,0.07514341787439613,0.07514341787439613,-0.07541309755028336
punctuation,1,1,0.07514341787439613,0.07514341787439613,-0.07541309755028336
other,1,1,0.057867809734513276,0.057867809734513276,-0.0571598390413629
content_heavy,3,3,0.05687119970408014,0.05943080357142857,-0.030167913839864762
