category,triggers,samples,mean_impact,median_impact,mean_prompt_shift
special_token,1,1,0.17112908291457288,0.17112908291457288,-0.1703990656407035
punctuation,1,1,0.034301150497512436,0.034301150497512436,-0.033140589595340164
sentence_boundary,1,1,0.034301150497512436,0.034301150497512436,-0.033140589595340164
