category,triggers,samples,mean_impact,median_impact,mean_prompt_shift
special_token,1,1,0.15171595982142858,0.15171595982142858,-0.17112630208333335
contrast_marker,1,1,0.13740416343167702,0.13740416343167702,-0.13776690162276667
clause_boundary,1,1,0.12594039351851852,0.12594039351851852,0.12621140200143904
punctuation,3,3,0.10799451943796616,0.12442537633384146,0.02292360961571388
sentence_boundary,2,2,0.09902158239768996,0.09902158239768996,-0.0287202865771487
content_heavy,2,2,0.09511809734083851,0.09511809734083851,-0.04170172140797425
other,2,2,0.05211160118794463,0.05211160118794463,0.0005035120289350464
