category,triggers,samples,mean_impact,median_impact,mean_prompt_shift
special_token,1,1,0.1328125,0.1328125,0.09895833333333331
other,3,3,0.11641692452754805,0.12136335314417178,0.116404442476966
punctuation,7,7,0.10360665715360007,0.09381893382352942,-0.10396990539047599
sentence_boundary,7,7,0.10360665715360007,0.09381893382352942,-0.10396990539047599
content_heavy,4,4,0.07912785270321576,0.07855775422209181,0.07840724130335647
