category,triggers,samples,mean_impact,median_impact,mean_prompt_shift
special_token,1,1,0.2499500363372093,0.2499500363372093,-0.2495933092431094
content_heavy,2,2,0.05683243672836882,0.05683243672836882,-0.05610638294857945
other,1,1,0.04319380144032922,0.04319380144032922,0.04293837859660665
