category,triggers,samples,mean_impact,median_impact,mean_prompt_shift
content_heavy,2,2,0.10405010920698925,0.10405010920698925,-0.04177591636913186
special_token,4,4,0.04702745781506908,0.039990234375,-0.02519772387855966
sentence_boundary,2,2,0.04237031698103545,0.04237031698103545,-0.04138918431950428
punctuation,3,3,0.04115920437624585,0.041464739304812835,-0.013014106510621903
clause_boundary,1,1,0.038736979166666664,0.038736979166666664,0.04373604910714285
