category,triggers,samples,mean_impact,median_impact,mean_prompt_shift
special_token,2,2,0.21859266131606708,0.21859266131606708,-0.21806419526994614
content_heavy,3,3,0.15966879059172834,0.15377070985991378,0.07510959558910564
clause_boundary,1,1,0.09994205013736264,0.09994205013736264,0.1008836187589584
punctuation,4,4,0.09161190808713335,0.08999394459823243,-0.04214434290205024
other,3,3,0.09081584782298774,0.09174159787735849,0.09172629551043725
sentence_boundary,3,3,0.08883519407039024,0.08695969626168225,-0.08982033012238645
