category,triggers,samples,mean_impact,median_impact,mean_prompt_shift
special_token,1,1,0.25013950892857145,0.25013950892857145,-0.2827845982142857
punctuation,1,1,0.2390625,0.2390625,0.23789062500000002
sentence_boundary,1,1,0.2390625,0.2390625,0.23789062500000002
