category,triggers,samples,mean_impact,median_impact,mean_prompt_shift
other,1,1,0.0672373670212766,0.0672373670212766,-0.060931266622340385
content_heavy,1,1,0.0498046875,0.0498046875,-0.0468260494987468
