category,triggers,samples,mean_impact,median_impact,mean_prompt_shift
content_heavy,3,3,0.04406809622022706,0.04391163793103448,-0.011645368462439723
other,1,1,0.0380859375,0.0380859375,-0.03358143299549554
