category,triggers,samples,mean_impact,median_impact,mean_prompt_shift
special_token,1,1,0.21127610709798994,0.21127610709798994,-0.21096002473304015
punctuation,1,1,0.07020614170792079,0.07020614170792079,-0.07037999202860556
sentence_boundary,1,1,0.07020614170792079,0.07020614170792079,-0.07037999202860556
content_heavy,3,3,0.05268347422562373,0.043928475215517244,-0.004226620325534225
