category,triggers,samples,mean_impact,median_impact,mean_prompt_shift
other,1,1,0.26960968875502006,0.26960968875502006,0.27083590612449804
special_token,3,3,0.1973228656388645,0.2166742939330544,-0.19650498428519048
content_heavy,1,1,0.07685289884868421,0.07685289884868421,-0.07558205085157621
