category,triggers,samples,mean_impact,median_impact,mean_prompt_shift
special_token,1,1,0.2787388392857143,0.2787388392857143,-0.31577845982142855
punctuation,1,1,0.2522786458333333,0.2522786458333333,0.23651413690476192
sentence_boundary,1,1,0.2522786458333333,0.2522786458333333,0.23651413690476192
