category,triggers,samples,mean_impact,median_impact,mean_prompt_shift
punctuation,1,1,0.2508138020833333,0.2508138020833333,-0.24996243990384615
sentence_boundary,1,1,0.2508138020833333,0.2508138020833333,-0.24996243990384615
content_heavy,1,1,0.13045400943396226,0.13045400943396226,-0.12634302935010477
