category,triggers,samples,mean_impact,median_impact,mean_prompt_shift
punctuation,4,4,0.07235552062053116,0.07654444221508828,-0.047634842956010365
sentence_boundary,4,4,0.07235552062053116,0.07654444221508828,-0.047634842956010365
other,5,5,0.06288587261241466,0.050837862318840576,0.008292558706595071
