category,triggers,samples,mean_impact,median_impact,mean_prompt_shift
special_token,3,3,0.10034555578696995,0.06357421875,-0.09917441833602836
content_heavy,1,1,0.03977272727272727,0.03977272727272727,-0.04574307528409091
