category,triggers,samples,mean_impact,median_impact,mean_prompt_shift
special_token,2,2,0.13118489583333334,0.13118489583333334,0.0029467385912698707
punctuation,1,1,0.08130787037037036,0.08130787037037036,-0.07942708333333337
sentence_boundary,1,1,0.08130787037037036,0.08130787037037036,-0.07942708333333337
