category,triggers,samples,mean_impact,median_impact,mean_prompt_shift
special_token,3,3,0.2191052640489559,0.22738530585106384,-0.21908057699593134
bracket,1,1,0.1773292508187773,0.1773292508187773,-0.17650346497057146
punctuation,1,1,0.1773292508187773,0.1773292508187773,-0.17650346497057146
content_heavy,4,4,0.16573343212178937,0.18396135624227677,0.11498221745892942
