category,triggers,samples,mean_impact,median_impact,mean_prompt_shift
other,2,2,0.24050176711309523,0.24050176711309523,-0.056193033854166685
