category,triggers,samples,mean_impact,median_impact,mean_prompt_shift
content_heavy,1,1,0.20311972128378378,0.20311972128378378,0.20418497189225515
special_token,1,1,0.1582411728896104,0.1582411728896104,-0.15755467440825305
punctuation,2,2,0.12717363911290322,0.12717363911290322,-0.06876715915299864
sentence_boundary,2,2,0.12717363911290322,0.12717363911290322,-0.06876715915299864
