category,triggers,samples,mean_impact,median_impact,mean_prompt_shift
special_token,1,1,0.1888116574754902,0.1888116574754902,-0.18823384632054047
content_heavy,1,1,0.035550025201612906,0.035550025201612906,-0.035392641635088706
