category,triggers,samples,mean_impact,median_impact,mean_prompt_shift
special_token,1,1,0.2594401041666667,0.2594401041666667,-0.3058035714285714
punctuation,1,1,0.25234375,0.25234375,0.23789062500000002
sentence_boundary,1,1,0.25234375,0.25234375,0.23789062500000002
