category,triggers,samples,mean_impact,median_impact,mean_prompt_shift
special_token,1,1,0.2554408482142857,0.2554408482142857,-0.29052734375
punctuation,1,1,0.24397786458333334,0.24397786458333334,0.23795572916666663
sentence_boundary,1,1,0.24397786458333334,0.24397786458333334,0.23795572916666663
