category,triggers,samples,mean_impact,median_impact,mean_prompt_shift
punctuation,1,1,0.051106770833333336,0.051106770833333336,-0.04385230654761907
sentence_boundary,1,1,0.051106770833333336,0.051106770833333336,-0.04385230654761907
content_heavy,1,1,0.03748739919354839,0.03748739919354839,-0.036552339349718466
