category,triggers,samples,mean_impact,median_impact,mean_prompt_shift
special_token,1,1,0.1431842672413793,0.1431842672413793,-0.14231001128899834
other,2,2,0.12330563265400792,0.12330563265400792,0.05549426297622481
punctuation,2,2,0.11774941096230158,0.11774941096230158,-0.12108510207811192
sentence_boundary,2,2,0.11774941096230158,0.11774941096230158,-0.12108510207811192
