category,triggers,samples,mean_impact,median_impact,mean_prompt_shift
clause_boundary,1,1,0.08720703125,0.08720703125,0.08677199937810942
special_token,7,7,0.08448112986151446,0.08528645833333333,-0.021968793169113165
punctuation,3,3,0.07429433585342231,0.08270807549504951,0.019493531036073358
sentence_boundary,2,2,0.06783798815513345,0.06783798815513345,-0.014145703134944676
