category,triggers,samples,mean_impact,median_impact,mean_prompt_shift
special_token,1,1,0.24827256944444445,0.24827256944444445,-0.24725640671091453
punctuation,2,2,0.04778505057853331,0.04778505057853331,-0.042830053204744784
sentence_boundary,2,2,0.04778505057853331,0.04778505057853331,-0.042830053204744784
