category,triggers,samples,mean_impact,median_impact,mean_prompt_shift
other,1,1,0.2451171875,0.2451171875,-0.28662109375
punctuation,1,1,0.24104817708333334,0.24104817708333334,0.23014322916666663
sentence_boundary,1,1,0.24104817708333334,0.24104817708333334,0.23014322916666663
