category,triggers,samples,mean_impact,median_impact,mean_prompt_shift
special_token,1,1,0.036783854166666664,0.036783854166666664,-0.06589471726190477
content_heavy,1,1,0.03420138888888889,0.03420138888888889,-0.032804951690821205
