category,triggers,samples,mean_impact,median_impact,mean_prompt_shift
other,2,2,0.21175130208333334,0.21175130208333334,-0.14300944010416666
