category,triggers,samples,mean_impact,median_impact,mean_prompt_shift
special_token,3,3,0.08376800765508059,0.064306640625,-0.07747411876402087
clause_boundary,1,1,0.0388671875,0.0388671875,-0.03597935267857144
punctuation,1,1,0.0388671875,0.0388671875,-0.03597935267857144
