category,triggers,samples,mean_impact,median_impact,mean_prompt_shift
other,2,2,0.07995744185014204,0.07995744185014204,-0.0770290599149816
content_heavy,1,1,0.07534555288461539,0.07534555288461539,-0.07325210903483315
