category,triggers,samples,mean_impact,median_impact,mean_prompt_shift
special_token,1,1,0.15787447415865385,0.15787447415865385,-0.1579532784752254
punctuation,1,1,0.056126644736842105,0.056126644736842105,-0.05604903594212807
sentence_boundary,1,1,0.056126644736842105,0.056126644736842105,-0.05604903594212807
content_heavy,1,1,0.040622084888059705,0.040622084888059705,-0.03904034803550316
