category,triggers,samples,mean_impact,median_impact,mean_prompt_shift
punctuation,1,1,0.17320808531746032,0.17320808531746032,-0.17293657320384292
sentence_boundary,1,1,0.17320808531746032,0.17320808531746032,-0.17293657320384292
special_token,1,1,0.1431842672413793,0.1431842672413793,-0.14231001128899834
other,2,2,0.12330563265400792,0.12330563265400792,0.05549426297622481
