category,triggers,samples,mean_impact,median_impact,mean_prompt_shift
other,1,1,0.19428286345108695,0.19428286345108695,0.19508752340995894
special_token,1,1,0.15150934533227847,0.15150934533227847,-0.151309072662905
punctuation,2,2,0.11735395051132329,0.11735395051132329,-0.11730516154797097
sentence_boundary,2,2,0.11735395051132329,0.11735395051132329,-0.11730516154797097
