category,triggers,samples,mean_impact,median_impact,mean_prompt_shift
special_token,4,4,0.11195334468746032,0.06795014880952381,-0.06451036954048009
content_heavy,1,1,0.046643985215053765,0.046643985215053765,-0.04594319170116734
