category,triggers,samples,mean_impact,median_impact,mean_prompt_shift
special_token,1,1,0.2758091517857143,0.2758091517857143,-0.30643136160714285
punctuation,1,1,0.26904296875,0.26904296875,0.2597191220238095
sentence_boundary,1,1,0.26904296875,0.26904296875,0.2597191220238095
