category,triggers,samples,mean_impact,median_impact,mean_prompt_shift
other,1,1,0.03759765625,0.03759765625,0.009667968749999978
content_heavy,1,1,0.031625600961538464,0.031625600961538464,-0.02879512880986934
