category,triggers,samples,mean_impact,median_impact,mean_prompt_shift
special_token,1,1,0.21583104395604397,0.21583104395604397,-0.215225215145169
punctuation,1,1,0.041386442364386794,0.041386442364386794,0.04173194590625551
sentence_boundary,1,1,0.041386442364386794,0.041386442364386794,0.04173194590625551
