category,triggers,samples,mean_impact,median_impact,mean_prompt_shift
other,1,1,0.04203125,0.04203125,-0.043094951923076885
content_heavy,1,1,0.04017857142857143,0.04017857142857143,-0.034386837121212044
