category,triggers,samples,mean_impact,median_impact,mean_prompt_shift
punctuation,1,1,0.045072115384615384,0.045072115384615384,-0.04417317708333335
sentence_boundary,1,1,0.045072115384615384,0.045072115384615384,-0.04417317708333335
content_heavy,1,1,0.03861424180327869,0.03861424180327869,-0.035943283976731966
