category,triggers,samples,mean_impact,median_impact,mean_prompt_shift
contrast_marker,1,1,0.03814338235294118,0.03814338235294118,-0.03675586821266963
content_heavy,2,2,0.03650483630952381,0.03650483630952381,0.00043501420454547524
