category,triggers,samples,mean_impact,median_impact,mean_prompt_shift
special_token,1,1,0.22237723214285715,0.22237723214285715,-0.25753348214285715
punctuation,1,1,0.21171875,0.21171875,0.2043619791666667
sentence_boundary,1,1,0.21171875,0.21171875,0.2043619791666667
