category,triggers,samples,mean_impact,median_impact,mean_prompt_shift
punctuation,2,2,0.11191500373705973,0.11191500373705973,-0.07214579087082065
sentence_boundary,2,2,0.11191500373705973,0.11191500373705973,-0.07214579087082065
