category,triggers,samples,mean_impact,median_impact,mean_prompt_shift
special_token,3,3,0.07537004756322323,0.054147273936170214,-0.03781573508478364
content_heavy,1,1,0.03402267156862745,0.03402267156862745,-0.03402267156862748
