category,triggers,samples,mean_impact,median_impact,mean_prompt_shift
other,1,1,0.040934244791666664,0.040934244791666664,-0.03641016953656462
sentence_boundary,1,1,0.03918850806451613,0.03918850806451613,-0.02211244644657262
punctuation,1,1,0.03918850806451613,0.03918850806451613,-0.02211244644657262
content_heavy,2,2,0.0362094056372549,0.0362094056372549,-0.005572371677036225
contrast_marker,2,2,0.0362094056372549,0.0362094056372549,-0.005572371677036225
