category,triggers,samples,mean_impact,median_impact,mean_prompt_shift
other,1,1,0.36812721108490565,0.36812721108490565,0.3670397531228163
special_token,1,1,0.3611505681818182,0.3611505681818182,-0.3602932224025974
