category,triggers,samples,mean_impact,median_impact,mean_prompt_shift
content_heavy,1,1,0.1739140625,0.1739140625,0.174855639940239
special_token,3,3,0.1360141743804598,0.10689453125,-0.13190561383108687
