category,triggers,samples,mean_impact,median_impact,mean_prompt_shift
special_token,2,2,0.09167707541793313,0.09167707541793313,-0.09102647034077588
content_heavy,9,9,0.06318825536690968,0.058653846153846154,-0.013126098341570512
addition_marker,1,1,0.05904818997524752,0.05904818997524752,0.06046418892966887
