category,triggers,samples,mean_impact,median_impact,mean_prompt_shift
punctuation,1,1,0.17432702105978262,0.17432702105978262,-0.17388360889762045
sentence_boundary,1,1,0.17432702105978262,0.17432702105978262,-0.17388360889762045
special_token,1,1,0.05452277861445783,0.05452277861445783,0.055416700283275944
