category,triggers,samples,mean_impact,median_impact,mean_prompt_shift
special_token,1,1,0.19781055766574585,0.19781055766574585,-0.19745671606535736
punctuation,1,1,0.0460338025990099,0.0460338025990099,-0.04559765263010296
sentence_boundary,1,1,0.0460338025990099,0.0460338025990099,-0.04559765263010296
content_heavy,2,2,0.04054962642609127,0.04054962642609127,0.00302252620483498
