category,triggers,samples,mean_impact,median_impact,mean_prompt_shift
other,2,2,0.26567150297619047,0.26567150297619047,-0.050862630208333315
