category,triggers,samples,mean_impact,median_impact,mean_prompt_shift
special_token,1,1,0.08706233638743456,0.08706233638743456,-0.08684466563386234
sentence_boundary,3,3,0.03630899395054728,0.03695836018041237,-0.010796779329854659
punctuation,3,3,0.03630899395054728,0.03695836018041237,-0.010796779329854659
content_heavy,9,9,0.03147987013825292,0.0312828256302521,-0.024602429926524248
other,1,1,0.027104591836734693,0.027104591836734693,-0.02669426383358231
