category,triggers,samples,mean_impact,median_impact,mean_prompt_shift
special_token,3,3,0.11047937001404162,0.13638663967611336,-0.11032061256682986
content_heavy,2,2,0.07200205277423469,0.07200205277423469,0.06797823085503257
other,1,1,0.039618267276422765,0.039618267276422765,-0.03906494293308316
