category,triggers,samples,mean_impact,median_impact,mean_prompt_shift
special_token,5,5,0.12115384347098215,0.093902587890625,-0.08479488897250657
content_heavy,1,1,0.07215294471153846,0.07215294471153846,0.07075904780982906
