category,triggers,samples,mean_impact,median_impact,mean_prompt_shift
special_token,1,1,0.15013798196517414,0.15013798196517414,-0.15019912234926852
punctuation,2,2,0.05012654702970297,0.05012654702970297,-0.004438734046203249
sentence_boundary,2,2,0.05012654702970297,0.05012654702970297,-0.004438734046203249
content_heavy,1,1,0.03150255926724138,0.03150255926724138,-0.0312294773013172
