category,triggers,samples,mean_impact,median_impact,mean_prompt_shift
punctuation,2,2,0.12184012972764405,0.12184012972764405,-0.12173634506419864
sentence_boundary,2,2,0.12184012972764405,0.12184012972764405,-0.12173634506419864
special_token,1,1,0.040410580842391304,0.040410580842391304,0.04041351685360778
content_heavy,1,1,0.038618607954545456,0.038618607954545456,-0.034889914772727265
other,1,1,0.0368290221291866,0.0368290221291866,0.03642371197881067
