category,triggers,samples,mean_impact,median_impact,mean_prompt_shift
special_token,1,1,0.1853515625,0.1853515625,-0.18533912468905478
punctuation,1,1,0.04411536069651741,0.04411536069651741,-0.04423273484064816
sentence_boundary,1,1,0.04411536069651741,0.04411536069651741,-0.04423273484064816
content_heavy,1,1,0.034988038277511964,0.034988038277511964,-0.03169028750854408
