category,triggers,samples,mean_impact,median_impact,mean_prompt_shift
special_token,1,1,0.19029017857142858,0.19029017857142858,-0.1903140860576205
content_heavy,1,1,0.12270220588235294,0.12270220588235294,-0.12270220588235292
other,1,1,0.03963832171314741,0.03963832171314741,-0.03868392995478409
