category,triggers,samples,mean_impact,median_impact,mean_prompt_shift
other,1,1,0.07660590277777778,0.07660590277777778,-0.07283671418128657
punctuation,1,1,0.05352393617021277,0.05352393617021277,-0.0332654587765957
sentence_boundary,1,1,0.05352393617021277,0.05352393617021277,-0.0332654587765957
