category,triggers,samples,mean_impact,median_impact,mean_prompt_shift
special_token,1,1,0.16518607190860216,0.16518607190860216,-0.16459084664841006
clause_boundary,1,1,0.1356735641891892,0.1356735641891892,0.13531898203647197
punctuation,3,3,0.12348703650253344,0.1356735641891892,0.011969543323727313
sentence_boundary,2,2,0.11739377265920556,0.11739377265920556,-0.049705176032645015
