category,triggers,samples,mean_impact,median_impact,mean_prompt_shift
special_token,1,1,0.34891690340909093,0.34891690340909093,-0.3482180905032468
other,1,1,0.325305866745283,0.325305866745283,0.32367109702568136
