category,triggers,samples,mean_impact,median_impact,mean_prompt_shift
content_heavy,3,3,0.04294753233001238,0.04321676587301587,-0.009866535358972195
punctuation,1,1,0.04269622093023256,0.04269622093023256,-0.04228329809725151
sentence_boundary,1,1,0.04269622093023256,0.04269622093023256,-0.04228329809725151
