category,triggers,samples,mean_impact,median_impact,mean_prompt_shift
special_token,3,3,0.13506954453355732,0.14862545763598325,-0.13449764948794932
other,4,4,0.08935744129886292,0.08349125289160608,0.052786092746580277
content_heavy,2,2,0.06495697222060498,0.06495697222060498,-0.0648782274748344
