category,triggers,samples,mean_impact,median_impact,mean_prompt_shift
punctuation,1,1,0.07066761363636363,0.07066761363636363,-0.06744199810606066
sentence_boundary,1,1,0.07066761363636363,0.07066761363636363,-0.06744199810606066
content_heavy,1,1,0.04296875,0.04296875,-0.04024852973407367
