category,triggers,samples,mean_impact,median_impact,mean_prompt_shift
content_heavy,1,1,0.08574848790322581,0.08574848790322581,-0.08527045730926786
other,1,1,0.04800052966101695,0.04800052966101695,-0.04813515183615824
