category,triggers,samples,mean_impact,median_impact,mean_prompt_shift
other,1,1,0.3517651827830189,0.3517651827830189,0.3504170351808176
special_token,1,1,0.3404474431818182,0.3404474431818182,-0.3397980925324675
