category,triggers,samples,mean_impact,median_impact,mean_prompt_shift
special_token,2,2,0.15102132633172966,0.15102132633172966,-0.15063176135106904
content_heavy,4,4,0.09969403328671704,0.10342134225626927,0.007082154308971092
other,4,4,0.0739985396522482,0.06716081710985809,-0.021235758903706534
clause_boundary,1,1,0.06198508522727273,0.06198508522727273,0.06325300962823938
punctuation,2,2,0.06090216271167558,0.06090216271167558,0.0015864940181346265
bracket,1,1,0.059819240196078434,0.059819240196078434,-0.06008002159197012
