category,triggers,samples,mean_impact,median_impact,mean_prompt_shift
special_token,1,1,0.27415839592274677,0.27415839592274677,-0.27427130905872865
content_heavy,1,1,0.0957983993902439,0.0957983993902439,-0.09501717510532903
