category,triggers,samples,mean_impact,median_impact,mean_prompt_shift
special_token,2,2,0.1471922167304422,0.1471922167304422,-0.07732602052956332
other,1,1,0.062255859375,0.062255859375,-0.061146763392857156
content_heavy,3,3,0.06006202028508772,0.05908203125,0.023704366615067075
temporal_marker,1,1,0.05831106085526316,0.05831106085526316,0.05960115131578947
sentence_boundary,1,1,0.05530218908629442,0.05530218908629442,-0.055214662487822475
punctuation,1,1,0.05530218908629442,0.05530218908629442,-0.055214662487822475
