category,triggers,samples,mean_impact,median_impact,mean_prompt_shift
clause_boundary,1,1,0.1865005134976526,0.1865005134976526,0.18726602520594754
punctuation,1,1,0.1865005134976526,0.1865005134976526,0.18726602520594754
content_heavy,4,4,0.16826698083912073,0.16784010825034548,-0.004650509541259118
special_token,6,6,0.15915758710807218,0.17305254381002466,-0.04815814792073137
empty,2,2,0.11596355264815691,0.11596355264815691,-0.11544806043478181
