pos,step_decoded,conf_decoded,token_id,token_str
26,0,0.69921875,5146,One
30,1,0.546875,527,Ġby
27,2,1.0,22297,Ġethical
28,3,0.99609375,53502,Ġdilemma
31,4,0.9140625,20232,Ġartificial
32,5,1.0,14420,Ġintelligence
29,6,0.8359375,4685,Ġcreated
33,7,0.6953125,296,Ġin
34,8,1.0,6458,Ġmodern
35,9,1.0,8448,Ġsociety
36,10,0.984375,341,Ġis
37,11,0.89453125,268,Ġthe
38,12,0.53125,3880,Ġpotential
39,13,0.77734375,352,Ġfor
40,14,0.2421875,12458,ĠAI
41,15,0.5625,297,Ġto
42,16,0.12890625,26455,Ġperpet
43,17,1.0,5600,uate
44,18,0.34765625,7041,Ġexisting
45,19,0.86328125,55953,Ġbiases
46,20,0.65625,301,Ġand
47,21,0.5859375,22820,Ġdiscrimination
48,22,0.65234375,13,.
49,23,0.29296875,1741,ĠFor
51,24,1.0,11,","
50,25,0.87890625,2890,Ġexample
52,26,0.326171875,12458,ĠAI
53,27,0.486328125,4519,Ġsystems
56,28,0.35546875,20077,Ġhiring
54,29,0.97265625,1440,Ġused
55,30,0.73046875,296,Ġin
57,31,0.408203125,453,Ġor
58,32,0.69921875,33952,Ġlending
59,33,0.439453125,9037,Ġdecisions
60,34,0.55859375,1115,Ġmay
61,35,0.314453125,79913,Ġinadvertently
64,36,0.2197265625,3267,Ġcertain
62,37,0.9765625,67283,Ġdiscriminate
63,38,1.0,2864,Ġagainst
65,39,0.8515625,5158,Ġgroups
67,40,0.4609375,366,Ġon
66,41,0.99609375,2901,Ġbased
68,42,0.5,802,Ġtheir
70,43,0.4921875,11,","
69,44,0.921875,8030,Ġrace
71,45,0.96875,13570,Ġgender
72,46,0.8515625,11,","
73,47,0.90625,453,Ġor
74,48,0.466796875,880,Ġother
75,49,0.40625,12199,Ġcharacteristics
76,50,0.58203125,11,","
78,51,0.447265625,297,Ġto
77,52,0.98828125,6135,Ġleading
79,53,0.46875,30804,Ġunfair
81,54,0.640625,301,Ġand
80,55,0.5078125,12334,Ġoutcomes
89,56,0.98828125,126081,<|endoftext|>
87,57,0.88671875,13,.
88,58,1.0,126348,<|eot_id|>
86,59,0.5078125,51441,Ġinequalities
84,60,0.57421875,7041,Ġexisting
85,61,0.64453125,3446,Ġsocial
83,62,0.55078125,1209,ating
82,63,0.99609375,48476,Ġexacerb
