category,triggers,samples,mean_impact,median_impact,mean_prompt_shift
special_token,2,2,0.20445973746081506,0.20445973746081506,-0.2041515271423301
content_heavy,1,1,0.16369085273279352,0.16369085273279352,0.16410927475471782
