category,triggers,samples,mean_impact,median_impact,mean_prompt_shift
sentence_boundary,1,1,0.03671875,0.03671875,-0.034139784946236595
punctuation,1,1,0.03671875,0.03671875,-0.034139784946236595
content_heavy,2,2,0.03659396701388889,0.03659396701388889,0.010036892361111105
other,1,1,0.033275462962962965,0.033275462962962965,-0.02764860284391535
