category,triggers,samples,mean_impact,median_impact,mean_prompt_shift
content_heavy,1,1,0.24314751059322035,0.24314751059322035,-0.24119328213276836
other,1,1,0.17669046336206898,0.17669046336206898,0.17822408313851545
