category,triggers,samples,mean_impact,median_impact,mean_prompt_shift
special_token,2,2,0.19545200892857142,0.19545200892857142,-0.10943080357142856
punctuation,1,1,0.115234375,0.115234375,0.11236979166666666
sentence_boundary,1,1,0.115234375,0.115234375,0.11236979166666666
