category,triggers,samples,mean_impact,median_impact,mean_prompt_shift
special_token,1,1,0.2709263392857143,0.2709263392857143,-0.31270926339285715
punctuation,1,1,0.24153645833333334,0.24153645833333334,0.22433035714285715
sentence_boundary,1,1,0.24153645833333334,0.24153645833333334,0.22433035714285715
