category,triggers,samples,mean_impact,median_impact,mean_prompt_shift
addition_marker,1,1,0.22998589409722223,0.22998589409722223,-0.22880340819713008
clause_boundary,1,1,0.22675673342541436,0.22675673342541436,0.22819344415943166
punctuation,3,3,0.16937872504453225,0.2160379161005435,0.026699080192144297
content_heavy,2,2,0.15358821240421455,0.15358821240421455,-0.15319944493451623
sentence_boundary,2,2,0.1406897208540912,0.1406897208540912,-0.07404810179149938
other,1,1,0.07989676339285715,0.07989676339285715,-0.08032846602182539
