category,triggers,samples,mean_impact,median_impact,mean_prompt_shift
special_token,1,1,0.20633370535714285,0.20633370535714285,-0.2511509486607143
content_heavy,1,1,0.20182291666666666,0.20182291666666666,0.2269810267857143
