category,triggers,samples,mean_impact,median_impact,mean_prompt_shift
special_token,1,1,0.30831473214285715,0.30831473214285715,-0.34298270089285715
punctuation,1,1,0.2750651041666667,0.2750651041666667,0.26143973214285715
sentence_boundary,1,1,0.2750651041666667,0.2750651041666667,0.26143973214285715
