category,triggers,samples,mean_impact,median_impact,mean_prompt_shift
special_token,1,1,0.26398066946640314,0.26398066946640314,-0.2636980131142821
content_heavy,1,1,0.14358534192825112,0.14358534192825112,-0.1434344939892297
other,2,2,0.07665578950711383,0.07665578950711383,0.013295767355963689
cause_marker,1,1,0.0657047193877551,0.0657047193877551,0.0668129485025718
