category,triggers,samples,mean_impact,median_impact,mean_prompt_shift
content_heavy,1,1,0.044320913461538464,0.044320913461538464,-0.042892212445573286
clause_boundary,1,1,0.03409090909090909,0.03409090909090909,-0.032378754058441594
punctuation,1,1,0.03409090909090909,0.03409090909090909,-0.032378754058441594
