category,triggers,samples,mean_impact,median_impact,mean_prompt_shift
content_heavy,2,2,0.17183931790865384,0.17183931790865384,-0.02534665220450283
bracket,1,1,0.15314592633928573,0.15314592633928573,-0.15167867726293105
punctuation,1,1,0.15314592633928573,0.15314592633928573,-0.15167867726293105
