category,triggers,samples,mean_impact,median_impact,mean_prompt_shift
content_heavy,1,1,0.20717243975903615,0.20717243975903615,0.20824256400602414
special_token,3,3,0.1800893162420766,0.2297421875,-0.17976152990699423
