category,triggers,samples,mean_impact,median_impact,mean_prompt_shift
punctuation,1,1,0.16515273644179895,0.16515273644179895,-0.166338263192704
sentence_boundary,1,1,0.16515273644179895,0.16515273644179895,-0.166338263192704
special_token,1,1,0.056085526315789475,0.056085526315789475,-0.05432674505717833
content_heavy,2,2,0.046262710813492064,0.046262710813492064,-0.01553010697032435
