category,triggers,samples,mean_impact,median_impact,mean_prompt_shift
special_token,1,1,0.20239143192488263,0.20239143192488263,-0.2018298152916721
content_heavy,3,3,0.053727433775213496,0.05366847826086957,-0.05297623510972127
punctuation,1,1,0.050758136094674555,0.050758136094674555,-0.04985954903411069
sentence_boundary,1,1,0.050758136094674555,0.050758136094674555,-0.04985954903411069
