category,triggers,samples,mean_impact,median_impact,mean_prompt_shift
special_token,1,1,0.21184895833333334,0.21184895833333334,-0.21188905789085538
condition_marker,1,1,0.06298388231981981,0.06298388231981981,-0.06258320487668162
content_heavy,1,1,0.05229377746582031,0.05229377746582031,0.05291026507237162
punctuation,2,2,0.04957618614050984,0.04957618614050984,-0.04812353279750578
sentence_boundary,2,2,0.04957618614050984,0.04957618614050984,-0.04812353279750578
other,1,1,0.04483695652173913,0.04483695652173913,-0.042572684335591915
