category,triggers,samples,mean_impact,median_impact,mean_prompt_shift
special_token,2,2,0.09691476268921442,0.09691476268921442,-0.05504618273541123
punctuation,1,1,0.037011173184357544,0.037011173184357544,-0.03651385979205468
sentence_boundary,1,1,0.037011173184357544,0.037011173184357544,-0.03651385979205468
