category,triggers,samples,mean_impact,median_impact,mean_prompt_shift
special_token,2,2,0.22965248889853002,0.22965248889853002,-0.22901165706676924
other,3,3,0.15456146874417576,0.16455078125,0.10087642970343559
bracket,1,1,0.14930745087336245,0.14930745087336245,-0.14861334428991835
punctuation,1,1,0.14930745087336245,0.14930745087336245,-0.14861334428991835
