category,triggers,samples,mean_impact,median_impact,mean_prompt_shift
content_heavy,1,1,0.04514898255813953,0.04514898255813953,-0.04133357558139539
other,1,1,0.038628472222222224,0.038628472222222224,0.03396267361111116
