category,triggers,samples,mean_impact,median_impact,mean_prompt_shift
content_heavy,4,4,0.06798365591933961,0.062015950520833335,-0.045582076389903296
special_token,2,2,0.05399442797540624,0.05399442797540624,-0.0536559208462731
other,1,1,0.050535187007874016,0.050535187007874016,-0.05025884861818741
clause_boundary,1,1,0.03918504901960784,0.03918504901960784,-0.03918504901960784
punctuation,1,1,0.03918504901960784,0.03918504901960784,-0.03918504901960784
