category,triggers,samples,mean_impact,median_impact,mean_prompt_shift
other,2,2,0.04066001400560224,0.04066001400560224,-0.039626896158375946
