category,triggers,samples,mean_impact,median_impact,mean_prompt_shift
other,1,1,0.24190848214285715,0.24190848214285715,-0.2824009486607143
punctuation,1,1,0.23958333333333334,0.23958333333333334,0.22535342261904767
sentence_boundary,1,1,0.23958333333333334,0.23958333333333334,0.22535342261904767
