category,triggers,samples,mean_impact,median_impact,mean_prompt_shift
other,2,2,0.07679370325854701,0.07679370325854701,-0.0720973711068692
punctuation,1,1,0.056017287234042555,0.056017287234042555,-0.0506946753102836
sentence_boundary,1,1,0.056017287234042555,0.056017287234042555,-0.0506946753102836
