category,triggers,samples,mean_impact,median_impact,mean_prompt_shift
special_token,1,1,0.23964077818627452,0.23964077818627452,-0.23866949314024388
content_heavy,1,1,0.04089471726190476,0.04089471726190476,-0.039462866381742345
