category,triggers,samples,mean_impact,median_impact,mean_prompt_shift
other,3,3,0.04414799528301886,0.0426002358490566,-0.015054093517254804
content_heavy,1,1,0.039881552419354836,0.039881552419354836,-0.0374963997695853
