category,triggers,samples,mean_impact,median_impact,mean_prompt_shift
punctuation,1,1,0.09675929857336957,0.09675929857336957,-0.0957029241792744
sentence_boundary,1,1,0.09675929857336957,0.09675929857336957,-0.0957029241792744
special_token,3,3,0.07576903178943571,0.06270777925531915,-0.04005252799305605
