category,triggers,samples,mean_impact,median_impact,mean_prompt_shift
special_token,1,1,0.18890053353658537,0.18890053353658537,-0.18892342714006627
content_heavy,2,2,0.03787382603329986,0.03787382603329986,0.0011611563441265293
