category,triggers,samples,mean_impact,median_impact,mean_prompt_shift
special_token,1,1,0.2631218112244898,0.2631218112244898,-0.2626383747096399
other,1,1,0.18860003591954022,0.18860003591954022,0.1893733964490969
content_heavy,3,3,0.1720419788094301,0.1807232481060606,0.052215496793990845
punctuation,2,2,0.1265052349064626,0.1265052349064626,-0.12450092386511194
sentence_boundary,2,2,0.1265052349064626,0.1265052349064626,-0.12450092386511194
