category,triggers,samples,mean_impact,median_impact,mean_prompt_shift
special_token,1,1,0.30189732142857145,0.30189732142857145,-0.33534458705357145
punctuation,1,1,0.2945963541666667,0.2945963541666667,0.2800874255952381
sentence_boundary,1,1,0.2945963541666667,0.2945963541666667,0.2800874255952381
