category,triggers,samples,mean_impact,median_impact,mean_prompt_shift
other,1,1,0.06430288461538461,0.06430288461538461,-0.06316474283381712
content_heavy,1,1,0.05542652027027027,0.05542652027027027,-0.052162051031294454
