category,triggers,samples,mean_impact,median_impact,mean_prompt_shift
punctuation,1,1,0.2367626125529661,0.2367626125529661,-0.236277718507518
sentence_boundary,1,1,0.2367626125529661,0.2367626125529661,-0.236277718507518
special_token,1,1,0.0535996835443038,0.0535996835443038,-0.0522207300641776
