category,triggers,samples,mean_impact,median_impact,mean_prompt_shift
content_heavy,2,2,0.04043125978309481,0.04043125978309481,-0.007345182524597482
other,1,1,0.03546626984126984,0.03546626984126984,-0.03546626984126988
