category,triggers,samples,mean_impact,median_impact,mean_prompt_shift
special_token,2,2,0.22979884271915435,0.22979884271915435,-0.2293142845103719
content_heavy,1,1,0.21097768775720166,0.21097768775720166,0.21127886535072182
