category,triggers,samples,mean_impact,median_impact,mean_prompt_shift
content_heavy,6,6,0.0778021529996983,0.0729327917623432,-0.0338727664504917
special_token,2,2,0.07337640150927702,0.07337640150927702,-0.07305667741509994
other,2,2,0.06329917943266541,0.06329917943266541,0.06555791753803653
punctuation,2,2,0.05271398381401171,0.05271398381401171,0.0026757085121388996
sentence_boundary,2,2,0.05271398381401171,0.05271398381401171,0.0026757085121388996
