category,triggers,samples,mean_impact,median_impact,mean_prompt_shift
special_token,1,1,0.2529296875,0.2529296875,-0.29146902901785715
punctuation,1,1,0.24983723958333334,0.24983723958333334,0.24060639880952378
sentence_boundary,1,1,0.24983723958333334,0.24983723958333334,0.24060639880952378
