category,triggers,samples,mean_impact,median_impact,mean_prompt_shift
sentence_boundary,3,3,0.12353357143137704,0.062375536151960786,-0.08191394872533489
punctuation,4,4,0.10870242466728278,0.0632922602634804,-0.07969718029400116
special_token,1,1,0.0932673636199422,0.0932673636199422,-0.09288513455293668
other,1,1,0.073046875,0.073046875,-0.07260688159145923
clause_boundary,1,1,0.064208984375,0.064208984375,-0.07304687500000001
content_heavy,3,3,0.06289301208435295,0.06212957974137931,0.019065395186745587
