category,triggers,samples,mean_impact,median_impact,mean_prompt_shift
other,1,1,0.2234499501992032,0.2234499501992032,0.22385841060361722
special_token,2,2,0.195847904265873,0.195847904265873,-0.1954127813093081
punctuation,1,1,0.08180675287356322,0.08180675287356322,-0.08085193452380957
sentence_boundary,1,1,0.08180675287356322,0.08180675287356322,-0.08085193452380957
