category,triggers,samples,mean_impact,median_impact,mean_prompt_shift
special_token,1,1,0.32730913765822783,0.32730913765822783,-0.32671190509431625
other,3,3,0.22499142869161504,0.21591796875,0.08181847433492699
content_heavy,1,1,0.21330915178571427,0.21330915178571427,-0.21332863927144552
