category,triggers,samples,mean_impact,median_impact,mean_prompt_shift
other,1,1,0.3576061320754717,0.3576061320754717,0.355252418544724
special_token,1,1,0.35616122159090907,0.35616122159090907,-0.35510475852272727
