category,triggers,samples,mean_impact,median_impact,mean_prompt_shift
special_token,1,1,0.20538110977564103,0.20538110977564103,-0.20534303865777076
punctuation,2,2,0.03911682762951066,0.03911682762951066,0.0400521390402884
sentence_boundary,2,2,0.03911682762951066,0.03911682762951066,0.0400521390402884
