category,triggers,samples,mean_impact,median_impact,mean_prompt_shift
special_token,1,1,0.32142857142857145,0.32142857142857145,-0.3544224330357143
punctuation,1,1,0.3082682291666667,0.3082682291666667,0.29696800595238093
sentence_boundary,1,1,0.3082682291666667,0.3082682291666667,0.29696800595238093
