category,triggers,samples,mean_impact,median_impact,mean_prompt_shift
punctuation,1,1,0.28739206414473684,0.28739206414473684,-0.28479053327429155
sentence_boundary,1,1,0.28739206414473684,0.28739206414473684,-0.28479053327429155
