category,triggers,samples,mean_impact,median_impact,mean_prompt_shift
special_token,2,2,0.1380004690373752,0.1380004690373752,-0.06509150122443966
other,2,2,0.06709593979498163,0.06709593979498163,-0.012769032787436518
content_heavy,4,4,0.06391805635919301,0.061184807854729725,0.03473711396780817
cause_marker,1,1,0.0467984068627451,0.0467984068627451,-0.04582938762626265
