category,triggers,samples,mean_impact,median_impact,mean_prompt_shift
punctuation,2,2,0.1250115164789778,0.1250115164789778,-0.12485067509081663
sentence_boundary,2,2,0.1250115164789778,0.1250115164789778,-0.12485067509081663
