category,triggers,samples,mean_impact,median_impact,mean_prompt_shift
special_token,2,2,0.1926920918829909,0.1926920918829909,-0.19221684927008115
sentence_boundary,1,1,0.12754173801369864,0.12754173801369864,-0.12697740731371931
punctuation,1,1,0.12754173801369864,0.12754173801369864,-0.12697740731371931
other,1,1,0.09923161008230452,0.09923161008230452,0.10039639622546048
content_heavy,1,1,0.06426977040816327,0.06426977040816327,0.06346376202920201
