category,triggers,samples,mean_impact,median_impact,mean_prompt_shift
punctuation,1,1,0.04350490196078431,0.04350490196078431,-0.041688760840874806
sentence_boundary,1,1,0.04350490196078431,0.04350490196078431,-0.041688760840874806
other,1,1,0.03874747983870968,0.03874747983870968,-0.036736351126472
