category,triggers,samples,mean_impact,median_impact,mean_prompt_shift
other,1,1,0.30943080357142855,0.30943080357142855,-0.34912109375
punctuation,1,1,0.287109375,0.287109375,0.27018229166666663
sentence_boundary,1,1,0.287109375,0.287109375,0.27018229166666663
