category,triggers,samples,mean_impact,median_impact,mean_prompt_shift
content_heavy,1,1,0.2097925646551724,0.2097925646551724,-0.20918299788135597
special_token,1,1,0.11534288194444445,0.11534288194444445,-0.014729817708333343
