category,triggers,samples,mean_impact,median_impact,mean_prompt_shift
other,2,2,0.10894061814967368,0.10894061814967368,0.04301592862481318
sentence_boundary,1,1,0.09902522117579908,0.09902522117579908,-0.09841710934256953
punctuation,1,1,0.09902522117579908,0.09902522117579908,-0.09841710934256953
content_heavy,6,6,0.09314844580581998,0.08798571134868421,-0.03122859316838018
special_token,1,1,0.05227481617647059,0.05227481617647059,-0.05180021799514778
