category,triggers,samples,mean_impact,median_impact,mean_prompt_shift
content_heavy,2,2,0.05445223721590909,0.05445223721590909,0.00825068486201297
other,1,1,0.0525501179245283,0.0525501179245283,-0.05123848052061497
punctuation,1,1,0.04447115384615385,0.04447115384615385,-0.041677795584045496
sentence_boundary,1,1,0.04447115384615385,0.04447115384615385,-0.041677795584045496
