category,triggers,samples,mean_impact,median_impact,mean_prompt_shift
punctuation,1,1,0.2011279845505618,0.2011279845505618,-0.20155082857322199
sentence_boundary,1,1,0.2011279845505618,0.2011279845505618,-0.20155082857322199
content_heavy,1,1,0.06086956521739131,0.06086956521739131,-0.06008809464991538
