category,triggers,samples,mean_impact,median_impact,mean_prompt_shift
clause_boundary,1,1,0.04025423728813559,0.04025423728813559,-0.03838276836158194
punctuation,1,1,0.04025423728813559,0.04025423728813559,-0.03838276836158194
content_heavy,2,2,0.034621218417553196,0.034621218417553196,-0.02729324809766548
