category,triggers,samples,mean_impact,median_impact,mean_prompt_shift
other,2,2,0.06483537806779995,0.06483537806779995,0.009299810932025976
sentence_boundary,3,3,0.05921896086369771,0.055288461538461536,-0.058950882452599294
cause_marker,1,1,0.05860323118932039,0.05860323118932039,-0.05835981988657579
special_token,3,3,0.057658831348119756,0.05848785768072289,-0.022764256090990198
punctuation,4,4,0.05445949763640964,0.052572273532388664,-0.034149767627962443
content_heavy,6,6,0.048633502712446174,0.047075808306277056,-0.0020800010636084407
bracket,1,1,0.04018110795454546,0.04018110795454546,0.0402535768459481
