category,triggers,samples,mean_impact,median_impact,mean_prompt_shift
special_token,3,3,0.09165904352373029,0.043971354166666664,-0.09215484391100408
other,1,1,0.04267578125,0.04267578125,-0.0423194642548409
content_heavy,1,1,0.03751318565400844,0.03751318565400844,-0.03651885991738468
