category,triggers,samples,mean_impact,median_impact,mean_prompt_shift
special_token,2,2,0.2549059592516624,0.2549059592516624,-0.2541428506191431
content_heavy,3,3,0.1276693164442591,0.07682883522727273,0.08032722010435815
