category,triggers,samples,mean_impact,median_impact,mean_prompt_shift
punctuation,1,1,0.036155523255813955,0.036155523255813955,-0.03423956131078221
sentence_boundary,1,1,0.036155523255813955,0.036155523255813955,-0.03423956131078221
content_heavy,2,2,0.03332176025223061,0.03332176025223061,-0.029213071764252474
