category,triggers,samples,mean_impact,median_impact,mean_prompt_shift
special_token,2,2,0.2918539175700472,0.2918539175700472,-0.2909125886379095
content_heavy,2,2,0.1391191014056225,0.1391191014056225,0.13999283363533815
