category,triggers,samples,mean_impact,median_impact,mean_prompt_shift
special_token,2,2,0.14763782719718865,0.14763782719718865,-0.07758026037384036
punctuation,1,1,0.071318359375,0.071318359375,-0.06945604011194029
sentence_boundary,1,1,0.071318359375,0.071318359375,-0.06945604011194029
cause_marker,1,1,0.05184908002336448,0.05184908002336448,0.052363980967679136
