category,triggers,samples,mean_impact,median_impact,mean_prompt_shift
other,1,1,0.26143973214285715,0.26143973214285715,-0.2958286830357143
punctuation,1,1,0.2216796875,0.2216796875,0.2064732142857143
sentence_boundary,1,1,0.2216796875,0.2216796875,0.2064732142857143
