category,triggers,samples,mean_impact,median_impact,mean_prompt_shift
special_token,1,1,0.24162946428571427,0.24162946428571427,-0.27357700892857145
punctuation,1,1,0.19791666666666666,0.19791666666666666,0.19512648809523808
sentence_boundary,1,1,0.19791666666666666,0.19791666666666666,0.19512648809523808
