category,triggers,samples,mean_impact,median_impact,mean_prompt_shift
special_token,1,1,0.28989955357142855,0.28989955357142855,-0.3235560825892857
punctuation,1,1,0.2353515625,0.2353515625,0.22549293154761907
sentence_boundary,1,1,0.2353515625,0.2353515625,0.22549293154761907
