category,triggers,samples,mean_impact,median_impact,mean_prompt_shift
content_heavy,3,3,0.036567340309779824,0.03701636904761905,-0.0346704225923935
special_token,1,1,0.03180803571428571,0.03180803571428571,-0.042201450892857095
