category,triggers,samples,mean_impact,median_impact,mean_prompt_shift
special_token,2,2,0.06329804971296056,0.06329804971296056,-0.020534989487543703
content_heavy,5,5,0.044636057659890864,0.039414943609022556,-0.03147101798350212
sentence_boundary,2,2,0.04223598252654196,0.04223598252654196,-0.009993768748377596
punctuation,3,3,0.04155594926951946,0.04019588275547445,-0.019753525823612488
clause_boundary,1,1,0.04019588275547445,0.04019588275547445,-0.03927303997408227
