category,triggers,samples,mean_impact,median_impact,mean_prompt_shift
punctuation,2,2,0.11436988160610086,0.11436988160610086,-0.11190788235477844
sentence_boundary,2,2,0.11436988160610086,0.11436988160610086,-0.11190788235477844
other,1,1,0.055035215435606064,0.055035215435606064,-0.053464794354494194
