category,triggers,samples,mean_impact,median_impact,mean_prompt_shift
punctuation,1,1,0.2080078125,0.2080078125,0.20191592261904767
sentence_boundary,1,1,0.2080078125,0.2080078125,0.20191592261904767
special_token,1,1,0.19893973214285715,0.19893973214285715,-0.2399204799107143
