category,triggers,samples,mean_impact,median_impact,mean_prompt_shift
special_token,1,1,0.18985523897058823,0.18985523897058823,-0.19028075121054522
content_heavy,4,4,0.04485513048503085,0.04430338541666667,-0.021244905878677285
