category,triggers,samples,mean_impact,median_impact,mean_prompt_shift
special_token,3,3,0.1172733831717082,0.09866117738589211,-0.11682097066943549
other,1,1,0.06555989583333334,0.06555989583333334,0.06611409167531113
clause_boundary,1,1,0.044142232510288065,0.044142232510288065,-0.04349672489543277
punctuation,1,1,0.044142232510288065,0.044142232510288065,-0.04349672489543277
