category,triggers,samples,mean_impact,median_impact,mean_prompt_shift
special_token,1,1,0.23158939549180327,0.23158939549180327,-0.23117089356512827
content_heavy,2,2,0.061423135163541795,0.061423135163541795,0.0035475984748857825
punctuation,2,2,0.05755820040839611,0.05755820040839611,0.004420299336843264
sentence_boundary,2,2,0.05755820040839611,0.05755820040839611,0.004420299336843264
