category,triggers,samples,mean_impact,median_impact,mean_prompt_shift
special_token,1,1,0.12938625529661016,0.12938625529661016,-0.1295386320264394
clause_boundary,1,1,0.050133479899497485,0.050133479899497485,0.050184859846105545
punctuation,4,4,0.04795527077013852,0.05072619395255773,-0.022221089532029947
sentence_boundary,3,3,0.047229201060352194,0.051318908005617975,-0.046356405991408445
content_heavy,2,2,0.04586805555555556,0.04586805555555556,-0.04323868088378249
cause_marker,1,1,0.035088900862068964,0.035088900862068964,-0.0349051176212741
