category,triggers,samples,mean_impact,median_impact,mean_prompt_shift
special_token,2,2,0.10473969798607805,0.10473969798607805,-0.11161476654532071
content_heavy,4,4,0.038450424220007225,0.03831782734094982,-0.003947981398612702
