category,triggers,samples,mean_impact,median_impact,mean_prompt_shift
other,1,1,0.06457779255319149,0.06457779255319149,-0.052462530474290836
content_heavy,1,1,0.05642361111111111,0.05642361111111111,-0.04749316077441079
punctuation,1,1,0.04654017857142857,0.04654017857142857,-0.047715153769841256
sentence_boundary,1,1,0.04654017857142857,0.04654017857142857,-0.047715153769841256
