category,triggers,samples,mean_impact,median_impact,mean_prompt_shift
special_token,1,1,0.18865411931818182,0.18865411931818182,-0.19753196022727273
content_heavy,1,1,0.13677153716216217,0.13677153716216217,-0.1397859619487909
