category,triggers,samples,mean_impact,median_impact,mean_prompt_shift
special_token,1,1,0.24595668859649122,0.24595668859649122,-0.24586174813740141
content_heavy,1,1,0.06822916666666666,0.06822916666666666,-0.06822916666666667
