category,triggers,samples,mean_impact,median_impact,mean_prompt_shift
special_token,1,1,0.3257533482142857,0.3257533482142857,-0.358154296875
punctuation,1,1,0.3103841145833333,0.3103841145833333,0.29361979166666663
sentence_boundary,1,1,0.3103841145833333,0.3103841145833333,0.29361979166666663
