category,triggers,samples,mean_impact,median_impact,mean_prompt_shift
special_token,3,3,0.0977474738023952,0.0634765625,-0.07039252271127387
content_heavy,1,1,0.06098364978902954,0.06098364978902954,-0.06002713585434183
punctuation,2,2,0.05679699624039314,0.05679699624039314,-0.05488856043748852
sentence_boundary,2,2,0.05679699624039314,0.05679699624039314,-0.05488856043748852
other,1,1,0.047207232603092786,0.047207232603092786,0.04672646337232356
