category,triggers,samples,mean_impact,median_impact,mean_prompt_shift
special_token,2,2,0.1131311480281732,0.1131311480281732,-0.11236276867426007
content_heavy,1,1,0.03579015899122807,0.03579015899122807,-0.03421485063299623
punctuation,1,1,0.035272113347457626,0.035272113347457626,-0.03436776465171998
sentence_boundary,1,1,0.035272113347457626,0.035272113347457626,-0.03436776465171998
