category,triggers,samples,mean_impact,median_impact,mean_prompt_shift
sentence_boundary,3,3,0.10231567076062986,0.09250176221804511,-0.10232045988932054
punctuation,3,3,0.10231567076062986,0.09250176221804511,-0.10232045988932054
other,4,4,0.08667415958065372,0.07931558187905843,0.052174048726899167
content_heavy,1,1,0.0555419921875,0.0555419921875,-0.056105863131009626
