category,triggers,samples,mean_impact,median_impact,mean_prompt_shift
special_token,3,3,0.2904024621212121,0.31306640625,0.061483675383031976
content_heavy,1,1,0.21433668870192307,0.21433668870192307,-0.2101164929925617
other,1,1,0.20712337853773585,0.20712337853773585,0.19765836554419985
