category,triggers,samples,mean_impact,median_impact,mean_prompt_shift
sentence_boundary,1,1,0.04966517857142857,0.04966517857142857,-0.04749362244897959
punctuation,1,1,0.04966517857142857,0.04966517857142857,-0.04749362244897959
other,1,1,0.04358878968253968,0.04358878968253968,-0.04358878968253965
content_heavy,1,1,0.04296875,0.04296875,-0.04064021915584415
