category,triggers,samples,mean_impact,median_impact,mean_prompt_shift
punctuation,1,1,0.18030360356675393,0.18030360356675393,-0.17945353190104163
sentence_boundary,1,1,0.18030360356675393,0.18030360356675393,-0.17945353190104163
special_token,1,1,0.13079670788770054,0.13079670788770054,-0.13024442618258625
content_heavy,1,1,0.111474609375,0.111474609375,0.11347142269736843
