category,triggers,samples,mean_impact,median_impact,mean_prompt_shift
special_token,1,1,0.1923828125,0.1923828125,-0.19326171874999998
other,1,1,0.14548277243589744,0.14548277243589744,-0.14385767227564106
