category,triggers,samples,mean_impact,median_impact,mean_prompt_shift
special_token,1,1,0.2666015625,0.2666015625,-0.3052455357142857
punctuation,1,1,0.24690755208333334,0.24690755208333334,0.23623511904761907
sentence_boundary,1,1,0.24690755208333334,0.24690755208333334,0.23623511904761907
