category,triggers,samples,mean_impact,median_impact,mean_prompt_shift
special_token,3,3,0.10911698914341378,0.07242838541666667,-0.0973488166747013
content_heavy,3,3,0.060506659594729194,0.061,-0.06001033445040435
