category,triggers,samples,mean_impact,median_impact,mean_prompt_shift
special_token,1,1,0.2531798811983471,0.2531798811983471,-0.25238775061218244
content_heavy,1,1,0.19581496369294607,0.19581496369294607,0.19715156266074552
punctuation,1,1,0.16645998677248677,0.16645998677248677,-0.16671942442912835
sentence_boundary,1,1,0.16645998677248677,0.16645998677248677,-0.16671942442912835
