category,triggers,samples,mean_impact,median_impact,mean_prompt_shift
special_token,1,1,0.15509634067357514,0.15509634067357514,-0.15469759895304747
clause_boundary,1,1,0.0388671875,0.0388671875,-0.03597935267857144
punctuation,1,1,0.0388671875,0.0388671875,-0.03597935267857144
content_heavy,1,1,0.031195746527777776,0.031195746527777776,-0.031104372258771912
