category,triggers,samples,mean_impact,median_impact,mean_prompt_shift
special_token,1,1,0.22903534066523606,0.22903534066523606,-0.2286852812855361
content_heavy,1,1,0.19125828598484848,0.19125828598484848,0.19252649430535335
other,1,1,0.11999570125598086,0.11999570125598086,-0.11943032296650719
