category,triggers,samples,mean_impact,median_impact,mean_prompt_shift
punctuation,1,1,0.19404510331284153,0.19404510331284153,-0.193431880531302
sentence_boundary,1,1,0.19404510331284153,0.19404510331284153,-0.193431880531302
special_token,1,1,0.11792652027027027,0.11792652027027027,-0.11389034573888401
content_heavy,1,1,0.10057532269021739,0.10057532269021739,0.10051157645417153
contrast_marker,1,1,0.10057532269021739,0.10057532269021739,0.10051157645417153
