category,triggers,samples,mean_impact,median_impact,mean_prompt_shift
special_token,3,3,0.20969129972972309,0.19142266281512604,-0.20937252184993302
clause_boundary,1,1,0.1648041930379747,0.1648041930379747,0.1654157608454775
punctuation,1,1,0.1648041930379747,0.1648041930379747,0.1654157608454775
content_heavy,1,1,0.13038319989669422,0.13038319989669422,0.13183457576607827
