category,triggers,samples,mean_impact,median_impact,mean_prompt_shift
other,1,1,0.23828125,0.23828125,-0.28090122767857145
punctuation,1,1,0.18326822916666666,0.18326822916666666,0.16485305059523814
sentence_boundary,1,1,0.18326822916666666,0.18326822916666666,0.16485305059523814
