category,triggers,samples,mean_impact,median_impact,mean_prompt_shift
content_heavy,1,1,0.20311972128378378,0.20311972128378378,0.20418497189225515
punctuation,2,2,0.12717363911290322,0.12717363911290322,-0.06876715915299864
sentence_boundary,2,2,0.12717363911290322,0.12717363911290322,-0.06876715915299864
special_token,2,2,0.11636947037337664,0.11636947037337664,-0.12578952098388843
