category,triggers,samples,mean_impact,median_impact,mean_prompt_shift
punctuation,1,1,0.19357700892857144,0.19357700892857144,-0.19279385653409098
sentence_boundary,1,1,0.19357700892857144,0.19357700892857144,-0.19279385653409098
content_heavy,1,1,0.03644418025362319,0.03644418025362319,-0.03600736937623811
