category,triggers,samples,mean_impact,median_impact,mean_prompt_shift
other,1,1,0.3598724941037736,0.3598724941037736,0.35097185370807127
special_token,4,4,0.34193210354099024,0.33919535054788963,-0.17790123240347272
