category,triggers,samples,mean_impact,median_impact,mean_prompt_shift
special_token,1,1,0.2841796875,0.2841796875,-0.31982421875
punctuation,1,1,0.28173828125,0.28173828125,0.2724609375
sentence_boundary,1,1,0.28173828125,0.28173828125,0.2724609375
