category,triggers,samples,mean_impact,median_impact,mean_prompt_shift
punctuation,2,2,0.17890778091481024,0.17890778091481024,-0.17781249607949742
sentence_boundary,2,2,0.17890778091481024,0.17890778091481024,-0.17781249607949742
content_heavy,1,1,0.11010377798507463,0.11010377798507463,0.11091495839182797
special_token,1,1,0.053773271276595744,0.053773271276595744,0.04974858710106386
