category,triggers,samples,mean_impact,median_impact,mean_prompt_shift
content_heavy,1,1,0.03933189655172414,0.03933189655172414,-0.037270328024547106
other,1,1,0.034002130681818184,0.034002130681818184,-0.033787089646464596
