category,triggers,samples,mean_impact,median_impact,mean_prompt_shift
punctuation,1,1,0.1727386934673367,0.1727386934673367,-0.1729183515232412
sentence_boundary,1,1,0.1727386934673367,0.1727386934673367,-0.1729183515232412
special_token,3,3,0.03934865124460636,0.041259765625,-0.0354693459137669
other,1,1,0.03557942708333333,0.03557942708333333,0.035074398022342995
