category,triggers,samples,mean_impact,median_impact,mean_prompt_shift
special_token,3,3,0.1319927251746752,0.1223120358910891,-0.1315661686636994
content_heavy,2,2,0.1171927791285837,0.1171927791285837,0.060837257224021724
