category,triggers,samples,mean_impact,median_impact,mean_prompt_shift
bracket,1,1,0.22132780870445345,0.22132780870445345,0.22212910138394615
punctuation,1,1,0.22132780870445345,0.22132780870445345,0.22212910138394615
special_token,3,3,0.18430039889547223,0.20742701480263157,-0.13589465986328786
