category,triggers,samples,mean_impact,median_impact,mean_prompt_shift
special_token,1,1,0.22425347222222222,0.22425347222222222,-0.22396194382989187
content_heavy,1,1,0.08867495078740158,0.08867495078740158,-0.08856361934537593
