category,triggers,samples,mean_impact,median_impact,mean_prompt_shift
punctuation,3,3,0.09509454257246376,0.06433636209239131,-0.06102926317338097
sentence_boundary,3,3,0.09509454257246376,0.06433636209239131,-0.06102926317338097
content_heavy,2,2,0.0487277161841299,0.0487277161841299,-0.04683562634037991
