category,triggers,samples,mean_impact,median_impact,mean_prompt_shift
content_heavy,1,1,0.0390625,0.0390625,0.02734375
sentence_boundary,2,2,0.03455431707974138,0.03455431707974138,-0.02965043851656729
punctuation,2,2,0.03455431707974138,0.03455431707974138,-0.02965043851656729
contrast_marker,1,1,0.03380102040816327,0.03380102040816327,-0.0304352678571429
other,1,1,0.032242063492063495,0.032242063492063495,-0.03224206349206349
