category,triggers,samples,mean_impact,median_impact,mean_prompt_shift
other,2,2,0.30516183035714284,0.30516183035714284,-0.044783528645833334
