category,triggers,samples,mean_impact,median_impact,mean_prompt_shift
special_token,2,2,0.1563825156649106,0.1563825156649106,-0.14496247156369732
content_heavy,1,1,0.14683948863636365,0.14683948863636365,-0.14672506313131312
