category,triggers,samples,mean_impact,median_impact,mean_prompt_shift
special_token,3,3,0.07940325396858097,0.09966856060606061,-0.07976179375939967
punctuation,1,1,0.03998325892857143,0.03998325892857143,0.040458729924752884
sentence_boundary,1,1,0.03998325892857143,0.03998325892857143,0.040458729924752884
content_heavy,3,3,0.03558038870280724,0.03544844980314961,-0.01152764278347009
