category,triggers,samples,mean_impact,median_impact,mean_prompt_shift
special_token,1,1,0.25216502063679247,0.25216502063679247,-0.251596332367238
content_heavy,1,1,0.047444661458333336,0.047444661458333336,-0.047746930803571425
