category,triggers,samples,mean_impact,median_impact,mean_prompt_shift
content_heavy,3,3,0.031844167199414845,0.029647435897435896,-0.024323274952502305
other,1,1,0.03156001984126984,0.03156001984126984,-0.03156001984126988
