category,triggers,samples,mean_impact,median_impact,mean_prompt_shift
special_token,1,1,0.17665136255924171,0.17665136255924171,-0.17628682172438076
content_heavy,3,3,0.04275075469405351,0.036793804585152835,-0.04181837441637004
punctuation,1,1,0.039126989976415096,0.039126989976415096,-0.03915986213072464
sentence_boundary,1,1,0.039126989976415096,0.039126989976415096,-0.03915986213072464
