category,triggers,samples,mean_impact,median_impact,mean_prompt_shift
content_heavy,2,2,0.06171690742924528,0.06171690742924528,-0.01150685436320753
other,1,1,0.0462890625,0.0462890625,0.04222470238095233
