category,triggers,samples,mean_impact,median_impact,mean_prompt_shift
punctuation,1,1,0.045990566037735846,0.045990566037735846,-0.04329085866526905
sentence_boundary,1,1,0.045990566037735846,0.045990566037735846,-0.04329085866526905
content_heavy,1,1,0.0421376329787234,0.0421376329787234,-0.04029705507535464
