category,triggers,samples,mean_impact,median_impact,mean_prompt_shift
other,1,1,0.19315843621399176,0.19315843621399176,0.19437862875683054
special_token,2,2,0.13573204177644968,0.13573204177644968,-0.1347147645924373
punctuation,1,1,0.07281396223262032,0.07281396223262032,-0.07249423773680169
sentence_boundary,1,1,0.07281396223262032,0.07281396223262032,-0.07249423773680169
