category,triggers,samples,mean_impact,median_impact,mean_prompt_shift
special_token,1,1,0.1914089182035519,0.1914089182035519,-0.19114900037494054
content_heavy,1,1,0.035640495867768594,0.035640495867768594,-0.03474792910162228
other,1,1,0.03475247896634615,0.03475247896634615,-0.034187646663232596
