category,triggers,samples,mean_impact,median_impact,mean_prompt_shift
special_token,4,4,0.22246435198131737,0.230071126496677,-0.22218785616780568
content_heavy,4,4,0.17597457515951304,0.15622631758182726,0.17739533804430313
clause_boundary,3,3,0.13574842567708292,0.12838250698324022,-0.020388480552128496
punctuation,3,3,0.13574842567708292,0.12838250698324022,-0.020388480552128496
