category,triggers,samples,mean_impact,median_impact,mean_prompt_shift
other,2,2,0.23451450892857142,0.23451450892857142,-0.048746744791666685
