category,triggers,samples,mean_impact,median_impact,mean_prompt_shift
special_token,1,1,0.22613576680672268,0.22613576680672268,-0.22556214235171046
content_heavy,1,1,0.05226894946808511,0.05226894946808511,-0.052225333432879495
