category,triggers,samples,mean_impact,median_impact,mean_prompt_shift
special_token,1,1,0.36840917579681276,0.36840917579681276,-0.36795859715898316
other,2,2,0.17549648086824504,0.17549648086824504,0.08475182278746701
content_heavy,1,1,0.15342881944444445,0.15342881944444445,-0.15279337205014748
addition_marker,1,1,0.07907171124454149,0.07907171124454149,0.0796004307480539
