category,triggers,samples,mean_impact,median_impact,mean_prompt_shift
punctuation,1,1,0.19357700892857144,0.19357700892857144,-0.19279385653409098
sentence_boundary,1,1,0.19357700892857144,0.19357700892857144,-0.19279385653409098
content_heavy,2,2,0.03555908858360172,0.03555908858360172,-0.03467824396677385
