category,triggers,samples,mean_impact,median_impact,mean_prompt_shift
contrast_marker,1,1,0.13033919597989949,0.13033919597989949,-0.12985680354899498
content_heavy,2,2,0.08311393392744974,0.08311393392744974,-0.04649219428368867
sentence_boundary,2,2,0.040260095608967275,0.040260095608967275,0.04032080597749542
punctuation,2,2,0.040260095608967275,0.040260095608967275,0.04032080597749542
cause_marker,1,1,0.035888671875,0.035888671875,0.03687241498161764
summary_marker,1,1,0.035888671875,0.035888671875,0.03687241498161764
