category,triggers,samples,mean_impact,median_impact,mean_prompt_shift
special_token,1,1,0.15601870888157895,0.15601870888157895,-0.15592952926942683
other,2,2,0.05512745859213251,0.05512745859213251,-0.020381585063767194
punctuation,2,2,0.04893469609935237,0.04893469609935237,-0.04925603789940708
sentence_boundary,2,2,0.04893469609935237,0.04893469609935237,-0.04925603789940708
content_heavy,1,1,0.04405381944444445,0.04405381944444445,0.039154341846257656
