category,triggers,samples,mean_impact,median_impact,mean_prompt_shift
special_token,3,3,0.06448907430674365,0.04478236607142857,-0.04907333516813775
sentence_boundary,2,2,0.04062203390525257,0.04062203390525257,-0.04048106071089039
punctuation,2,2,0.04062203390525257,0.04062203390525257,-0.04048106071089039
content_heavy,3,3,0.03648431959017176,0.03657758353960396,-0.012171439795214734
other,2,2,0.033287675173895255,0.033287675173895255,-0.0006598270384952226
