category,triggers,samples,mean_impact,median_impact,mean_prompt_shift
content_heavy,1,1,0.047371031746031744,0.047371031746031744,-0.047371031746031744
punctuation,1,1,0.04650297619047619,0.04650297619047619,-0.03952104097452935
sentence_boundary,1,1,0.04650297619047619,0.04650297619047619,-0.03952104097452935
other,2,2,0.045477654505198306,0.045477654505198306,-0.04432412554906656
