category,triggers,samples,mean_impact,median_impact,mean_prompt_shift
content_heavy,2,2,0.043886685248713544,0.043886685248713544,-0.03524711220370563
punctuation,1,1,0.04202008928571429,0.04202008928571429,-0.033362785218253976
sentence_boundary,1,1,0.04202008928571429,0.04202008928571429,-0.033362785218253976
