category,triggers,samples,mean_impact,median_impact,mean_prompt_shift
content_heavy,1,1,0.0390625,0.0390625,-0.028111869747899143
other,1,1,0.029673793859649123,0.029673793859649123,-0.028333900483968555
