category,triggers,samples,mean_impact,median_impact,mean_prompt_shift
other,1,1,0.26255580357142855,0.26255580357142855,-0.29248046875
punctuation,1,1,0.2177734375,0.2177734375,0.21028645833333337
sentence_boundary,1,1,0.2177734375,0.2177734375,0.21028645833333337
