category,triggers,samples,mean_impact,median_impact,mean_prompt_shift
content_heavy,6,6,0.0585506189825595,0.054796373273057336,-0.019651851698027443
special_token,3,3,0.05480168730713574,0.053284990026595744,-0.027325779271840184
other,4,4,0.04730626137246642,0.04041369207974138,0.027462613395008606
bracket,1,1,0.04420823317307692,0.04420823317307692,-0.044271232060468735
punctuation,3,3,0.04221181024900725,0.04181985294117647,-0.04169142054927601
sentence_boundary,2,2,0.041213598786972415,0.041213598786972415,-0.04040151479367965
