category,triggers,samples,mean_impact,median_impact,mean_prompt_shift
special_token,2,2,0.19001116071428573,0.19001116071428573,-0.11876511346726193
punctuation,1,1,0.14225260416666666,0.14225260416666666,0.12244233630952384
sentence_boundary,1,1,0.14225260416666666,0.14225260416666666,0.12244233630952384
