category,triggers,samples,mean_impact,median_impact,mean_prompt_shift
punctuation,1,1,0.06178042763157895,0.06178042763157895,-0.06563527960526316
sentence_boundary,1,1,0.06178042763157895,0.06178042763157895,-0.06563527960526316
