category,triggers,samples,mean_impact,median_impact,mean_prompt_shift
punctuation,1,1,0.29586693548387094,0.29586693548387094,-0.2955099126344085
sentence_boundary,1,1,0.29586693548387094,0.29586693548387094,-0.2955099126344085
