category,triggers,samples,mean_impact,median_impact,mean_prompt_shift
special_token,2,2,0.08894231273054998,0.08894231273054998,-0.08843112679588935
punctuation,1,1,0.05732513142523365,0.05732513142523365,-0.05708622276407305
sentence_boundary,1,1,0.05732513142523365,0.05732513142523365,-0.05708622276407305
content_heavy,2,2,0.05308145525703806,0.05308145525703806,-0.05227979676014133
