category,triggers,samples,mean_impact,median_impact,mean_prompt_shift
other,1,1,0.38325471698113206,0.38325471698113206,0.38093580756464007
special_token,4,4,0.3409430169439935,0.325927734375,-0.18573689621627348
