category,triggers,samples,mean_impact,median_impact,mean_prompt_shift
special_token,3,3,0.104147406294835,0.053984375,-0.1024540858513721
content_heavy,2,2,0.04056127097301339,0.04056127097301339,-0.0014587355370750954
