pos,step_decoded,conf_decoded,token_id,token_str
27,0,0.80078125,21143,Ġexpressions
26,1,1.0,11119,Ġcultural
24,2,0.984375,5022,Trans
25,3,1.0,125855,lating
29,4,0.87890625,2658,Ġnever
30,5,0.9921875,367,Ġbe
28,6,1.0,560,Ġcan
31,7,0.99609375,6749,Ġfully
32,8,0.99609375,10711,Ġaccurate
33,9,0.90625,1521,Ġbecause
34,10,0.302734375,792,Ġthey
35,11,0.55078125,449,Ġare
36,12,0.734375,17734,Ġdeeply
37,13,0.8984375,42019,Ġrooted
38,14,0.98828125,296,Ġin
39,15,0.47265625,268,Ġthe
41,16,0.298828125,11,","
43,17,0.9140625,11,","
44,18,0.90234375,301,Ġand
46,19,0.478515625,300,Ġof
47,20,0.7734375,259,Ġa
40,21,0.41796875,4352,Ġhistory
45,22,0.44921875,3745,Ġvalues
42,23,0.46484375,27084,Ġtraditions
49,24,0.74609375,6951,Ġculture
50,25,0.7109375,13,.
48,26,0.69921875,3371,Ġparticular
51,27,0.2392578125,7398,ĠEven
52,28,0.515625,391,Ġwith
53,29,0.52734375,268,Ġthe
54,30,0.78125,1743,Ġbest
55,31,0.31640625,8772,Ġefforts
56,32,0.671875,11,","
57,33,0.294921875,403,Ġit
60,34,0.8671875,297,Ġto
59,35,0.8515625,13002,Ġimpossible
58,36,0.83203125,341,Ġis
61,37,0.6328125,13509,Ġcapture
62,38,0.73046875,268,Ġthe
63,39,0.390625,77484,Ġnuances
64,40,0.67578125,301,Ġand
65,41,0.49609375,12676,Ġsubt
66,42,1.0,1398,let
67,43,1.0,524,ies
68,44,0.8046875,300,Ġof
70,45,0.427734375,4827,Ġoriginal
69,46,0.9765625,268,Ġthe
71,47,0.63671875,6127,Ġexpression
72,48,0.49609375,11,","
73,49,0.396484375,409,Ġas
74,50,0.251953125,403,Ġit
75,51,0.294921875,341,Ġis
79,52,0.177734375,268,Ġthe
76,53,0.5078125,51709,Ġinherently
78,54,0.91015625,297,Ġto
77,55,0.81640625,21721,Ġtied
87,56,0.99609375,126081,<|endoftext|>
86,57,0.96875,126348,<|eot_id|>
85,58,1.0,13,.
80,59,0.36328125,11119,Ġcultural
81,60,0.93359375,4340,Ġcontext
82,61,0.53125,403,Ġit
84,62,0.85546875,546,Ġfrom
83,63,0.396484375,86490,Ġoriginates
