category,triggers,samples,mean_impact,median_impact,mean_prompt_shift
other,3,3,0.1597288322603123,0.14869449013157895,0.0764365774545433
special_token,4,4,0.15384152149836836,0.14106225712476533,-0.10050259873499395
content_heavy,3,3,0.12447323203241491,0.09793133802816902,-0.001861049317595694
