category,triggers,samples,mean_impact,median_impact,mean_prompt_shift
other,1,1,0.22916666666666666,0.22916666666666666,-0.2692987351190476
punctuation,1,1,0.2046875,0.2046875,0.19134114583333334
sentence_boundary,1,1,0.2046875,0.2046875,0.19134114583333334
