category,triggers,samples,mean_impact,median_impact,mean_prompt_shift
content_heavy,2,2,0.2619422007415254,0.2619422007415254,-0.25725652569534985
other,1,1,0.17701480263157895,0.17701480263157895,0.18031904586358138
