category,triggers,samples,mean_impact,median_impact,mean_prompt_shift
special_token,2,2,0.07464075102679898,0.07464075102679898,-0.0715852607178355
other,1,1,0.061045371338912136,0.061045371338912136,-0.060651545611053015
punctuation,2,2,0.04848907630481021,0.04848907630481021,-0.046761703856617765
sentence_boundary,2,2,0.04848907630481021,0.04848907630481021,-0.046761703856617765
content_heavy,4,4,0.04572722662770378,0.04464920771969328,-0.03002149267507586
