category,triggers,samples,mean_impact,median_impact,mean_prompt_shift
content_heavy,3,3,0.06852202746185751,0.07686341208133972,-0.06827862828654668
punctuation,3,3,0.05549846539073725,0.058422984972677595,-0.02518419107933567
sentence_boundary,3,3,0.05549846539073725,0.058422984972677595,-0.02518419107933567
other,2,2,0.04885619342571855,0.04885619342571855,-0.04888841617956069
special_token,2,2,0.042705768361738235,0.042705768361738235,-0.04132286162861565
