category,triggers,samples,mean_impact,median_impact,mean_prompt_shift
special_token,1,1,0.20818917410714285,0.20818917410714285,-0.20704881544237014
sentence_boundary,3,3,0.04981362318254767,0.04494180484693878,-0.011614304169742249
punctuation,3,3,0.04981362318254767,0.04494180484693878,-0.011614304169742249
content_heavy,2,2,0.04230153906982193,0.04230153906982193,0.035009550895303124
other,1,1,0.04162016369047619,0.04162016369047619,-0.04173430735930736
