category,triggers,samples,mean_impact,median_impact,mean_prompt_shift
punctuation,1,1,0.2895303225384078,0.2895303225384078,0.28884576647123295
sentence_boundary,1,1,0.2895303225384078,0.2895303225384078,0.28884576647123295
special_token,1,1,0.2111062254581152,0.2111062254581152,-0.2098494125286322
