category,triggers,samples,mean_impact,median_impact,mean_prompt_shift
special_token,2,2,0.11244677992724868,0.11244677992724868,-0.11798328426352622
other,2,2,0.04330822013580141,0.04330822013580141,-0.042977617825553066
content_heavy,1,1,0.037733402489626554,0.037733402489626554,-0.03747011472943318
