category,triggers,samples,mean_impact,median_impact,mean_prompt_shift
content_heavy,1,1,0.2535266953441296,0.2535266953441296,0.2545547515243405
special_token,2,2,0.21773277689210313,0.21773277689210313,-0.21729958096922306
