category,triggers,samples,mean_impact,median_impact,mean_prompt_shift
content_heavy,1,1,0.05051491477272727,0.05051491477272727,-0.00946069046442688
punctuation,1,1,0.042818509615384616,0.042818509615384616,-0.0405482104700855
sentence_boundary,1,1,0.042818509615384616,0.042818509615384616,-0.0405482104700855
