category,triggers,samples,mean_impact,median_impact,mean_prompt_shift
special_token,2,2,0.11167620064762795,0.11167620064762795,-0.0576496967871937
punctuation,2,2,0.0563647889254386,0.0563647889254386,-0.012364614344724245
sentence_boundary,2,2,0.0563647889254386,0.0563647889254386,-0.012364614344724245
