category,triggers,samples,mean_impact,median_impact,mean_prompt_shift
punctuation,1,1,0.1875843627290576,0.1875843627290576,-0.1869427479582516
sentence_boundary,1,1,0.1875843627290576,0.1875843627290576,-0.1869427479582516
special_token,2,2,0.03998325892857143,0.03998325892857143,-0.019143240792410712
content_heavy,1,1,0.03927041330645161,0.03927041330645161,-0.03953763521634612
