category,triggers,samples,mean_impact,median_impact,mean_prompt_shift
punctuation,2,2,0.14224746716466524,0.14224746716466524,-0.07039535366467883
sentence_boundary,2,2,0.14224746716466524,0.14224746716466524,-0.07039535366467883
content_heavy,1,1,0.074228515625,0.074228515625,-0.07414202624862032
