category,triggers,samples,mean_impact,median_impact,mean_prompt_shift
punctuation,1,1,0.15169597989949749,0.15169597989949749,-0.1518247487437186
sentence_boundary,1,1,0.15169597989949749,0.15169597989949749,-0.1518247487437186
content_heavy,4,4,0.08551459382051507,0.08454975770511168,-0.027707322847245433
