category,triggers,samples,mean_impact,median_impact,mean_prompt_shift
sentence_boundary,1,1,0.146630859375,0.146630859375,-0.14682482637692884
punctuation,3,3,0.07679036458333334,0.0439453125,-0.05421740924841686
content_heavy,2,2,0.05652098003457581,0.05652098003457581,-0.0560067409228458
other,1,1,0.05029296875,0.05029296875,0.05173816215701221
special_token,1,1,0.0470897414921466,0.0470897414921466,-0.04272327789253383
clause_boundary,2,2,0.0418701171875,0.0418701171875,-0.007913700684160863
