category,triggers,samples,mean_impact,median_impact,mean_prompt_shift
special_token,3,3,0.08448652918599055,0.07930432335805085,-0.029381864925001683
punctuation,2,2,0.0761623606405828,0.0761623606405828,-0.0751968667352132
sentence_boundary,2,2,0.0761623606405828,0.0761623606405828,-0.0751968667352132
content_heavy,1,1,0.060343424479166664,0.060343424479166664,0.06155674856973237
