category,triggers,samples,mean_impact,median_impact,mean_prompt_shift
punctuation,1,1,0.2359789629888268,0.2359789629888268,-0.23583541860645563
sentence_boundary,1,1,0.2359789629888268,0.2359789629888268,-0.23583541860645563
special_token,2,2,0.09366280691964285,0.09366280691964285,-0.0006647921156609365
