category,triggers,samples,mean_impact,median_impact,mean_prompt_shift
special_token,1,1,0.24334161931818182,0.24334161931818182,-0.2453758028656126
punctuation,1,1,0.21857136051829268,0.21857136051829268,-0.21456529925232282
sentence_boundary,1,1,0.21857136051829268,0.21857136051829268,-0.21456529925232282
