category,triggers,samples,mean_impact,median_impact,mean_prompt_shift
other,1,1,0.3535893278301887,0.3535893278301887,0.3519262371156534
special_token,3,3,0.348250407723064,0.36468394886363636,-0.09214628145292204
