category,triggers,samples,mean_impact,median_impact,mean_prompt_shift
special_token,1,1,0.1740229180518617,0.1740229180518617,-0.17430127629232106
content_heavy,1,1,0.034926470588235295,0.034926470588235295,-0.021637561274509803
punctuation,1,1,0.033273507882882886,0.033273507882882886,-0.017303820282335902
sentence_boundary,1,1,0.033273507882882886,0.033273507882882886,-0.017303820282335902
other,1,1,0.03151939655172414,0.03151939655172414,0.027177735318265284
