category,triggers,samples,mean_impact,median_impact,mean_prompt_shift
special_token,2,2,0.14677588890828677,0.14677588890828677,-0.11057795329836867
punctuation,1,1,0.05395977313701923,0.05395977313701923,0.05534193996108061
sentence_boundary,1,1,0.05395977313701923,0.05395977313701923,0.05534193996108061
