category,triggers,samples,mean_impact,median_impact,mean_prompt_shift
punctuation,1,1,0.10398536392405064,0.10398536392405064,-0.10408145748746117
sentence_boundary,1,1,0.10398536392405064,0.10398536392405064,-0.10408145748746117
special_token,3,3,0.07520589165925652,0.0667989417989418,0.006696932085843849
other,1,1,0.0699890525477707,0.0699890525477707,0.07058539894581956
content_heavy,2,2,0.04708782495330013,0.04708782495330013,-0.046748852147138725
