category,triggers,samples,mean_impact,median_impact,mean_prompt_shift
special_token,1,1,0.3257533482142857,0.3257533482142857,-0.35853794642857145
punctuation,1,1,0.2967122395833333,0.2967122395833333,0.27845982142857145
sentence_boundary,1,1,0.2967122395833333,0.2967122395833333,0.27845982142857145
