category,triggers,samples,mean_impact,median_impact,mean_prompt_shift
punctuation,2,2,0.1414018044324648,0.1414018044324648,-0.14186014060456806
sentence_boundary,2,2,0.1414018044324648,0.1414018044324648,-0.14186014060456806
other,1,1,0.11042428523936171,0.11042428523936171,0.11088414800391194
special_token,1,1,0.05140904017857143,0.05140904017857143,-0.07204241071428572
content_heavy,1,1,0.04792076771653543,0.04792076771653543,-0.04780497336729972
