category,triggers,samples,mean_impact,median_impact,mean_prompt_shift
punctuation,2,2,0.1302054076184494,0.1302054076184494,-0.12962420316119966
sentence_boundary,2,2,0.1302054076184494,0.1302054076184494,-0.12962420316119966
other,1,1,0.07757692920918367,0.07757692920918367,0.0670549816928675
