category,triggers,samples,mean_impact,median_impact,mean_prompt_shift
other,1,1,0.0578125,0.0578125,-0.05686003449675325
clause_boundary,1,1,0.047453703703703706,0.047453703703703706,-0.04681318392255884
punctuation,1,1,0.047453703703703706,0.047453703703703706,-0.04681318392255884
