category,triggers,samples,mean_impact,median_impact,mean_prompt_shift
other,1,1,0.10296365489130435,0.10296365489130435,0.10768566431544857
content_heavy,2,2,0.09741354549632353,0.09741354549632353,-0.09459768071525632
