category,triggers,samples,mean_impact,median_impact,mean_prompt_shift
special_token,2,2,0.12434427844790868,0.12434427844790868,-0.0858450550278737
punctuation,1,1,0.03701122801507538,0.03701122801507538,-0.03635290711369343
sentence_boundary,1,1,0.03701122801507538,0.03701122801507538,-0.03635290711369343
