category,triggers,samples,mean_impact,median_impact,mean_prompt_shift
special_token,1,1,0.17818147590361447,0.17818147590361447,-0.1775173820281124
cause_marker,1,1,0.07810242052023121,0.07810242052023121,-0.07658654584828256
other,2,2,0.07713175728817115,0.07713175728817115,-0.026712412261725507
content_heavy,3,3,0.06162728081505021,0.04870465158045977,0.002309501377890877
punctuation,1,1,0.04801339285714286,0.04801339285714286,-0.04765872311282471
sentence_boundary,1,1,0.04801339285714286,0.04801339285714286,-0.04765872311282471
