category,triggers,samples,mean_impact,median_impact,mean_prompt_shift
special_token,1,1,0.3060825892857143,0.3060825892857143,-0.3413783482142857
punctuation,1,1,0.2587890625,0.2587890625,0.2466517857142857
sentence_boundary,1,1,0.2587890625,0.2587890625,0.2466517857142857
