category,triggers,samples,mean_impact,median_impact,mean_prompt_shift
special_token,2,2,0.13700688022454988,0.13700688022454988,-0.13667264909514085
other,2,2,0.09051295305626833,0.09051295305626833,0.04359951204895135
addition_marker,1,1,0.0546875,0.0546875,-0.0556640625
content_heavy,3,3,0.04916673555996473,0.049406828703703706,-0.04342072908758926
