category,triggers,samples,mean_impact,median_impact,mean_prompt_shift
special_token,1,1,0.10016741071428571,0.10016741071428571,-0.12548828125
punctuation,1,1,0.07454427083333333,0.07454427083333333,0.04361979166666663
sentence_boundary,1,1,0.07454427083333333,0.07454427083333333,0.04361979166666663
