category,triggers,samples,mean_impact,median_impact,mean_prompt_shift
special_token,1,1,0.18908940529336735,0.18908940529336735,-0.18860431079554285
punctuation,1,1,0.05113886443661972,0.05113886443661972,-0.050333053617656054
sentence_boundary,1,1,0.05113886443661972,0.05113886443661972,-0.050333053617656054
content_heavy,3,3,0.04764386175998775,0.04241319444444445,-0.04692115974692549
