category,triggers,samples,mean_impact,median_impact,mean_prompt_shift
special_token,2,2,0.14425223214285715,0.14425223214285715,-0.14212039669873178
punctuation,2,2,0.07715221993282008,0.07715221993282008,-0.0765302046048768
sentence_boundary,2,2,0.07715221993282008,0.07715221993282008,-0.0765302046048768
content_heavy,1,1,0.05626411897590362,0.05626411897590362,0.05757630522088353
