category,triggers,samples,mean_impact,median_impact,mean_prompt_shift
special_token,1,1,0.24620182806324112,0.24620182806324112,-0.24591060084108807
punctuation,1,1,0.05306729403409091,0.05306729403409091,-0.051826326272233214
sentence_boundary,1,1,0.05306729403409091,0.05306729403409091,-0.051826326272233214
