category,triggers,samples,mean_impact,median_impact,mean_prompt_shift
special_token,2,2,0.1862367940080275,0.1862367940080275,-0.18576695974972016
sentence_boundary,1,1,0.06448679956896551,0.06448679956896551,-0.06406643821230276
punctuation,1,1,0.06448679956896551,0.06448679956896551,-0.06406643821230276
content_heavy,2,2,0.0639501542832999,0.0639501542832999,0.06550865684069318
filler_marker,1,1,0.06191083419421488,0.06191083419421488,0.06381370789120155
