category,triggers,samples,mean_impact,median_impact,mean_prompt_shift
special_token,1,1,0.23297230113636364,0.23297230113636364,-0.23303436568027558
other,3,3,0.06526305873493331,0.05475370762711865,-0.02971549154517557
content_heavy,2,2,0.055944361883479364,0.055944361883479364,-0.054362502138366575
