category,triggers,samples,mean_impact,median_impact,mean_prompt_shift
other,2,2,0.22785295758928573,0.22785295758928573,-0.06380208333333331
