category,triggers,samples,mean_impact,median_impact,mean_prompt_shift
special_token,1,1,0.20189490685096154,0.20189490685096154,-0.20160484945769697
content_heavy,1,1,0.035853794642857144,0.035853794642857144,-0.035237982503607435
