category,triggers,samples,mean_impact,median_impact,mean_prompt_shift
special_token,5,5,0.1452167047338394,0.14854083994708994,-0.015401409552546453
content_heavy,1,1,0.062469482421875,0.062469482421875,-0.06249246284339921
other,1,1,0.05980631510416667,0.05980631510416667,0.059059971160468294
