category,triggers,samples,mean_impact,median_impact,mean_prompt_shift
special_token,1,1,0.1698233228211009,0.1698233228211009,-0.16929582934051773
punctuation,1,1,0.059872159090909094,0.059872159090909094,-0.05941493019847799
sentence_boundary,1,1,0.059872159090909094,0.059872159090909094,-0.05941493019847799
content_heavy,4,4,0.04683904008316087,0.04340525087052865,-0.028852847370524737
