category,triggers,samples,mean_impact,median_impact,mean_prompt_shift
special_token,2,2,0.12427051947125009,0.12427051947125009,-0.12443557327793324
content_heavy,3,3,0.05658130365303854,0.04835205078125,-0.056359474204960736
punctuation,1,1,0.05070264862804878,0.05070264862804878,-0.04990819433755622
sentence_boundary,1,1,0.05070264862804878,0.05070264862804878,-0.04990819433755622
other,1,1,0.04088541666666667,0.04088541666666667,-0.040885416666666674
