category,triggers,samples,mean_impact,median_impact,mean_prompt_shift
punctuation,5,5,0.13187893831294834,0.13117104388297873,-0.13229468964066818
sentence_boundary,5,5,0.13187893831294834,0.13117104388297873,-0.13229468964066818
other,5,5,0.11544902320699049,0.10002388714028777,0.11532910271182843
special_token,2,2,0.108935546875,0.108935546875,0.017333984375
