category,triggers,samples,mean_impact,median_impact,mean_prompt_shift
special_token,1,1,0.1871778877617801,0.1871778877617801,-0.18737068642288396
content_heavy,4,4,0.05003955120301849,0.050465131660856574,-0.02783296337561534
other,1,1,0.04399671052631579,0.04399671052631579,-0.042791426809210525
punctuation,1,1,0.03776682455708662,0.03776682455708662,-0.0375587883896715
sentence_boundary,1,1,0.03776682455708662,0.03776682455708662,-0.0375587883896715
