category,triggers,samples,mean_impact,median_impact,mean_prompt_shift
special_token,1,1,0.08667534722222223,0.08667534722222223,-0.08308235205314007
punctuation,1,1,0.08536783854166667,0.08536783854166667,-0.08344294749149661
sentence_boundary,1,1,0.08536783854166667,0.08536783854166667,-0.08344294749149661
