category,triggers,samples,mean_impact,median_impact,mean_prompt_shift
other,1,1,0.03920200892857143,0.03920200892857143,-0.037494860197368474
punctuation,1,1,0.02828125,0.02828125,-0.027388174019607914
sentence_boundary,1,1,0.02828125,0.02828125,-0.027388174019607914
