category,triggers,samples,mean_impact,median_impact,mean_prompt_shift
special_token,3,3,0.08963441556374842,0.04434940732758621,-0.06047057504609788
content_heavy,2,2,0.0664154155243529,0.0664154155243529,-0.06553528573916628
punctuation,1,1,0.0574640012254902,0.0574640012254902,-0.057353314801530386
sentence_boundary,1,1,0.0574640012254902,0.0574640012254902,-0.057353314801530386
