category,triggers,samples,mean_impact,median_impact,mean_prompt_shift
punctuation,1,1,0.20144055886243387,0.20144055886243387,-0.20126014907059314
sentence_boundary,1,1,0.20144055886243387,0.20144055886243387,-0.20126014907059314
other,1,1,0.03673135080645161,0.03673135080645161,-0.03581627416925759
special_token,1,1,0.03564453125,0.03564453125,-0.05232979910714286
