pos,step_decoded,conf_decoded,token_id,token_str
25,0,0.6171875,55566,Truth
26,1,0.404296875,341,Ġis
27,2,0.419921875,526,Ġnot
28,3,0.421875,2455,Ġalways
31,4,0.380859375,13955,Ġobjective
32,5,0.72265625,10687,Ġfacts
30,6,0.51953125,366,Ġon
29,7,0.73828125,2901,Ġbased
35,8,0.357421875,560,Ġcan
34,9,0.6015625,403,Ġit
33,10,0.88671875,26,;
36,11,0.77734375,911,Ġalso
37,12,0.55078125,367,Ġbe
39,13,0.515625,527,Ġby
38,14,0.73046875,22260,Ġinfluenced
40,15,0.37890625,3379,Ġpersonal
42,16,0.82421875,11,","
44,17,0.77734375,11,","
45,18,0.8671875,301,Ġand
47,19,0.59765625,13,.
41,20,0.609375,26069,Ġperspectives
43,21,0.400390625,8400,Ġexperiences
46,22,0.365234375,55953,Ġbiases
48,23,0.2158203125,21304,ĠDifferent
50,24,0.8203125,1115,Ġmay
49,25,0.52734375,1255,Ġpeople
52,26,0.44140625,1733,Ġdifferent
51,27,0.8046875,561,Ġhave
53,28,0.59375,51049,Ġinterpretations
54,29,0.8828125,300,Ġof
55,30,0.77734375,268,Ġthe
56,31,0.9921875,1853,Ġsame
58,32,0.60546875,11,","
57,33,0.58203125,2867,Ġevent
60,34,0.224609375,11,","
61,35,0.9921875,453,Ġor
63,36,0.46484375,13,.
59,37,0.49609375,6214,Ġsituation
62,38,0.29296875,5997,Ġconcept
64,39,0.30859375,1077,ĠThis
67,40,0.330078125,7806,Ġtruth
66,41,0.8046875,378,Ġthat
65,42,0.59375,3209,Ġmeans
68,43,0.66015625,560,Ġcan
69,44,0.88671875,367,Ġbe
71,45,0.6796875,301,Ġand
70,46,0.875,38383,Ġsubjective
72,47,0.2177734375,16231,Ġdependent
73,48,0.97265625,366,Ġon
74,49,0.361328125,268,Ġthe
76,50,0.55859375,698,'s
75,51,0.84375,3182,Ġindividual
77,52,0.54296875,10707,Ġperspective
78,53,0.74609375,11,","
80,54,0.8828125,1040,Ġthan
79,55,1.0,4571,Ġrather
88,56,0.9921875,126081,<|endoftext|>
86,57,0.96875,13,.
87,58,1.0,126348,<|eot_id|>
82,59,0.5390625,18763,Ġsolely
85,60,0.8125,10687,Ġfacts
81,61,0.7890625,1775,Ġbeing
83,62,0.55078125,2901,Ġbased
84,63,1.0,366,Ġon
