category,triggers,samples,mean_impact,median_impact,mean_prompt_shift
special_token,1,1,0.1545703125,0.1545703125,-0.1539437577736319
other,1,1,0.05461896929824561,0.05461896929824561,0.05257786165057843
punctuation,2,2,0.04977818841111039,0.04977818841111039,-0.04487491913913072
sentence_boundary,2,2,0.04977818841111039,0.04977818841111039,-0.04487491913913072
