category,triggers,samples,mean_impact,median_impact,mean_prompt_shift
special_token,2,2,0.1386160714285714,0.1386160714285714,-0.04325358072916666
other,1,1,0.0939453125,0.0939453125,0.08651413690476184
