category,triggers,samples,mean_impact,median_impact,mean_prompt_shift
special_token,3,3,0.12415957076334301,0.08938576357208029,-0.07175804065608682
punctuation,1,1,0.04849063648897059,0.04849063648897059,-0.048289160198180525
sentence_boundary,1,1,0.04849063648897059,0.04849063648897059,-0.048289160198180525
