category,triggers,samples,mean_impact,median_impact,mean_prompt_shift
other,2,2,0.21629464285714284,0.21629464285714284,-0.08155343191964287
