category,triggers,samples,mean_impact,median_impact,mean_prompt_shift
special_token,3,3,0.23190236556526345,0.24636479591836735,-0.2314603718655663
other,2,2,0.1830775817193284,0.1830775817193284,0.18410689382283613
content_heavy,3,3,0.14360566852550113,0.14580763432017543,-0.029997673577630984
clause_boundary,1,1,0.0910835597826087,0.0910835597826087,-0.09013725178806709
punctuation,1,1,0.0910835597826087,0.0910835597826087,-0.09013725178806709
