category,triggers,samples,mean_impact,median_impact,mean_prompt_shift
punctuation,10,10,0.11279713382479932,0.10661177201704546,-0.1127445972115538
sentence_boundary,10,10,0.11279713382479932,0.10661177201704546,-0.1127445972115538
other,9,9,0.1060684926541321,0.09986733490566038,0.10615760823724232
