category,triggers,samples,mean_impact,median_impact,mean_prompt_shift
other,3,3,0.06279548269573505,0.05705837673611111,-0.062441629676860566
content_heavy,2,2,0.04655124339061467,0.04655124339061467,0.016111200311915014
special_token,1,1,0.0329662074704142,0.0329662074704142,-0.03162713055821442
punctuation,1,1,0.031686230964467,0.031686230964467,-0.029345645541711485
sentence_boundary,1,1,0.031686230964467,0.031686230964467,-0.029345645541711485
