category,triggers,samples,mean_impact,median_impact,mean_prompt_shift
other,2,2,0.14302355833727903,0.14302355833727903,-0.14336894157727575
content_heavy,4,4,0.0721882269051506,0.06268132690342929,0.015266826799587005
special_token,2,2,0.06642653750289822,0.06642653750289822,-0.0663224526764975
punctuation,1,1,0.052744600785340316,0.052744600785340316,-0.05240986609334097
sentence_boundary,1,1,0.052744600785340316,0.052744600785340316,-0.05240986609334097
contrast_marker,1,1,0.051958028242677826,0.051958028242677826,-0.049421962168758715
