category,triggers,samples,mean_impact,median_impact,mean_prompt_shift
punctuation,1,1,0.16160767942994506,0.16160767942994506,-0.16172830568722601
sentence_boundary,1,1,0.16160767942994506,0.16160767942994506,-0.16172830568722601
special_token,1,1,0.07839182035519125,0.07839182035519125,-0.07566491632513661
content_heavy,1,1,0.03558708639705882,0.03558708639705882,-0.034685065432423
