category,triggers,samples,mean_impact,median_impact,mean_prompt_shift
other,1,1,0.22154017857142858,0.22154017857142858,-0.26370675223214285
punctuation,1,1,0.169921875,0.169921875,0.16303943452380948
sentence_boundary,1,1,0.169921875,0.169921875,0.16303943452380948
