category,triggers,samples,mean_impact,median_impact,mean_prompt_shift
special_token,1,1,0.20597445349178403,0.20597445349178403,-0.2054648122134285
content_heavy,2,2,0.08163807960505404,0.08163807960505404,-0.08079258925070554
clause_boundary,1,1,0.06647245762711865,0.06647245762711865,0.06697041161589068
punctuation,1,1,0.06647245762711865,0.06647245762711865,0.06697041161589068
other,1,1,0.050994616596638655,0.050994616596638655,-0.050489527662529454
