category,triggers,samples,mean_impact,median_impact,mean_prompt_shift
content_heavy,1,1,0.056449142156862746,0.056449142156862746,-0.05404087716817496
other,1,1,0.037109375,0.037109375,0.032031249999999956
