category,triggers,samples,mean_impact,median_impact,mean_prompt_shift
special_token,2,2,0.1589294464366744,0.1589294464366744,-0.1586631231527981
other,1,1,0.05008012820512821,0.05008012820512821,0.05032864640161849
