category,triggers,samples,mean_impact,median_impact,mean_prompt_shift
special_token,2,2,0.13093247184459852,0.13093247184459852,-0.12355704217316894
punctuation,1,1,0.047466856060606064,0.047466856060606064,-0.04487765928759957
sentence_boundary,1,1,0.047466856060606064,0.047466856060606064,-0.04487765928759957
