category,triggers,samples,mean_impact,median_impact,mean_prompt_shift
special_token,2,2,0.15722463960819005,0.15722463960819005,-0.02294485610498137
other,4,4,0.15350849548608567,0.15380487868711673,0.00652827942537422
bracket,1,1,0.12895063920454544,0.12895063920454544,-0.12861774025606748
punctuation,1,1,0.12895063920454544,0.12895063920454544,-0.12861774025606748
content_heavy,1,1,0.07983206200787402,0.07983206200787402,-0.07957689227265707
