category,triggers,samples,mean_impact,median_impact,mean_prompt_shift
other,1,1,0.1419347970971564,0.1419347970971564,0.14321047170509926
sentence_boundary,3,3,0.11193114302100249,0.11503264377934272,-0.11150728578811009
punctuation,3,3,0.11193114302100249,0.11503264377934272,-0.11150728578811009
contrast_marker,1,1,0.06744384765625,0.06744384765625,-0.043846380731190626
content_heavy,2,2,0.05727677897833959,0.05727677897833959,0.0006193870572798188
