category,triggers,samples,mean_impact,median_impact,mean_prompt_shift
content_heavy,1,1,0.0671657986111111,0.0671657986111111,-0.06580213025525528
punctuation,1,1,0.043394886363636365,0.043394886363636365,-0.040145596590909105
sentence_boundary,1,1,0.043394886363636365,0.043394886363636365,-0.040145596590909105
