category,triggers,samples,mean_impact,median_impact,mean_prompt_shift
special_token,1,1,0.1991107430875576,0.1991107430875576,-0.19856633209846525
punctuation,1,1,0.03842608848314607,0.03842608848314607,-0.03722189025131817
sentence_boundary,1,1,0.03842608848314607,0.03842608848314607,-0.03722189025131817
