category,triggers,samples,mean_impact,median_impact,mean_prompt_shift
content_heavy,2,2,0.23372395833333331,0.23372395833333331,0.012348359860248431
other,3,3,0.1756435296474359,0.17578125,-0.06116197532213158
