category,triggers,samples,mean_impact,median_impact,mean_prompt_shift
other,1,1,0.0458984375,0.0458984375,0.046925080128205066
content_heavy,1,1,0.036210317460317464,0.036210317460317464,-0.03621031746031744
