category,triggers,samples,mean_impact,median_impact,mean_prompt_shift
bracket,1,1,0.14991091008771928,0.14991091008771928,-0.14889491998965754
punctuation,1,1,0.14991091008771928,0.14991091008771928,-0.14889491998965754
content_heavy,3,3,0.14226705687754446,0.14754895386266095,0.05661435164231391
special_token,4,4,0.1418731202487221,0.12538783684408633,-0.07290802275218339
