category,triggers,samples,mean_impact,median_impact,mean_prompt_shift
special_token,2,2,0.28611636396108875,0.28611636396108875,-0.2853711001606398
other,1,1,0.2675943335062241,0.2675943335062241,0.2687899117721443
