category,triggers,samples,mean_impact,median_impact,mean_prompt_shift
special_token,1,1,0.22326067581917475,0.22326067581917475,-0.22264627643007473
other,1,1,0.05824861947791165,0.05824861947791165,-0.05800320030120487
content_heavy,2,2,0.05614320923681973,0.05614320923681973,-0.008854922801415477
clause_boundary,1,1,0.04415151892430279,0.04415151892430279,-0.04374213216578127
punctuation,1,1,0.04415151892430279,0.04415151892430279,-0.04374213216578127
