category,triggers,samples,mean_impact,median_impact,mean_prompt_shift
special_token,1,1,0.11580360127005347,0.11580360127005347,-0.11624654886434749
content_heavy,2,2,0.06940873196467098,0.06940873196467098,-0.06743718650261665
punctuation,2,2,0.036183105708927694,0.036183105708927694,-0.035215020905393885
sentence_boundary,2,2,0.036183105708927694,0.036183105708927694,-0.035215020905393885
