category,triggers,samples,mean_impact,median_impact,mean_prompt_shift
punctuation,2,2,0.10548899010339904,0.10548899010339904,-0.0423288939404958
sentence_boundary,2,2,0.10548899010339904,0.10548899010339904,-0.0423288939404958
special_token,2,2,0.03964158819800831,0.03964158819800831,-0.038164193463205764
content_heavy,1,1,0.03404580393145161,0.03404580393145161,-0.03310301159274193
