category,triggers,samples,mean_impact,median_impact,mean_prompt_shift
special_token,3,3,0.08289584149586152,0.046859248991935484,-0.05111325156142537
content_heavy,3,3,0.041783564229082325,0.042805989583333336,-0.04126169655770832
punctuation,2,2,0.04129492165132559,0.04129492165132559,0.004370879550025658
sentence_boundary,2,2,0.04129492165132559,0.04129492165132559,0.004370879550025658
cause_marker,1,1,0.03764356303418803,0.03764356303418803,-0.035054740066375656
