category,triggers,samples,mean_impact,median_impact,mean_prompt_shift
content_heavy,2,2,0.04384765625,0.04384765625,-0.026975752667682873
other,2,2,0.04206259084302326,0.04206259084302326,0.006491766318710346
