category,triggers,samples,mean_impact,median_impact,mean_prompt_shift
other,2,2,0.11594300810934421,0.11594300810934421,0.06491049321902309
content_heavy,3,3,0.07899209652829133,0.08502846575797872,-0.0493188040180477
special_token,3,3,0.05675389869602635,0.05587288718553459,-0.027798221354419367
punctuation,2,2,0.05452429772841122,0.05452429772841122,-0.05425618399305132
sentence_boundary,2,2,0.05452429772841122,0.05452429772841122,-0.05425618399305132
