category,triggers,samples,mean_impact,median_impact,mean_prompt_shift
special_token,1,1,0.2925502232142857,0.2925502232142857,-0.3263462611607143
punctuation,1,1,0.24397786458333334,0.24397786458333334,0.2367466517857143
sentence_boundary,1,1,0.24397786458333334,0.24397786458333334,0.2367466517857143
