category,triggers,samples,mean_impact,median_impact,mean_prompt_shift
special_token,1,1,0.23984564623786409,0.23984564623786409,-0.23917092449931993
content_heavy,3,3,0.05321918889396077,0.053676970108695654,-0.05181697582567887
