category,triggers,samples,mean_impact,median_impact,mean_prompt_shift
punctuation,1,1,0.18190316818467336,0.18190316818467336,-0.1820804216394472
sentence_boundary,1,1,0.18190316818467336,0.18190316818467336,-0.1820804216394472
special_token,2,2,0.16840454082164708,0.16840454082164708,-0.16777882187858878
content_heavy,2,2,0.12793890532295038,0.12793890532295038,-0.12749511703977598
other,4,4,0.11894522702019641,0.12112283363995992,0.11988882435720787
