category,triggers,samples,mean_impact,median_impact,mean_prompt_shift
content_heavy,1,1,0.04851140202702703,0.04851140202702703,-0.03360875266714081
filler_marker,1,1,0.04851140202702703,0.04851140202702703,-0.03360875266714081
other,1,1,0.04534313725490196,0.04534313725490196,-0.04383042279411764
