category,triggers,samples,mean_impact,median_impact,mean_prompt_shift
special_token,1,1,0.3070234375,0.3070234375,-0.30630001867529877
other,1,1,0.2367124748995984,0.2367124748995984,0.2373146649096386
punctuation,1,1,0.09263330297085202,0.09263330297085202,-0.09184762684677295
sentence_boundary,1,1,0.09263330297085202,0.09263330297085202,-0.09184762684677295
