category,triggers,samples,mean_impact,median_impact,mean_prompt_shift
punctuation,2,2,0.10690402392274845,0.10690402392274845,-0.10999332974642928
sentence_boundary,2,2,0.10690402392274845,0.10690402392274845,-0.10999332974642928
special_token,1,1,0.05452277861445783,0.05452277861445783,0.055416700283275944
