category,triggers,samples,mean_impact,median_impact,mean_prompt_shift
punctuation,1,1,0.35533203125,0.35533203125,0.35598422181372547
sentence_boundary,1,1,0.35533203125,0.35533203125,0.35598422181372547
special_token,5,5,0.30846320346320344,0.2935546875,-0.07609333304397056
