category,triggers,samples,mean_impact,median_impact,mean_prompt_shift
special_token,1,1,0.15858861019736842,0.15858861019736842,-0.15826816637675672
content_heavy,1,1,0.0824342757936508,0.0824342757936508,-0.08202205968849985
punctuation,1,1,0.04757035340314136,0.04757035340314136,-0.047290316010852984
sentence_boundary,1,1,0.04757035340314136,0.04757035340314136,-0.047290316010852984
