category,triggers,samples,mean_impact,median_impact,mean_prompt_shift
special_token,1,1,0.15662617586096939,0.15662617586096939,-0.1560860466589078
punctuation,2,2,0.03574711963383838,0.03574711963383838,-0.03519950884770734
sentence_boundary,2,2,0.03574711963383838,0.03574711963383838,-0.03519950884770734
