category,triggers,samples,mean_impact,median_impact,mean_prompt_shift
special_token,2,2,0.14196149145650586,0.14196149145650586,-0.07970795770464192
punctuation,2,2,0.07798723163952956,0.07798723163952956,-0.07699223959223167
sentence_boundary,2,2,0.07798723163952956,0.07798723163952956,-0.07699223959223167
other,1,1,0.061567164179104475,0.061567164179104475,0.06172749533582089
