category,triggers,samples,mean_impact,median_impact,mean_prompt_shift
special_token,2,2,0.18617128413865547,0.18617128413865547,-0.18574538995927264
other,1,1,0.1383659638554217,0.1383659638554217,0.13941986696787145
