category,triggers,samples,mean_impact,median_impact,mean_prompt_shift
special_token,1,1,0.2474641747237569,0.2474641747237569,-0.24658111225790785
punctuation,1,1,0.21091081796448088,0.21091081796448088,-0.21077311545943223
sentence_boundary,1,1,0.21091081796448088,0.21091081796448088,-0.21077311545943223
content_heavy,1,1,0.1468063186813187,0.1468063186813187,0.14814223835420048
