category,triggers,samples,mean_impact,median_impact,mean_prompt_shift
special_token,1,1,0.21121888241525424,0.21121888241525424,-0.21111622339792419
punctuation,2,2,0.040387939322498664,0.040387939322498664,0.0006278987607679226
sentence_boundary,2,2,0.040387939322498664,0.040387939322498664,0.0006278987607679226
