category,triggers,samples,mean_impact,median_impact,mean_prompt_shift
special_token,1,1,0.21677225577731093,0.21677225577731093,-0.2164624724759151
punctuation,1,1,0.05129825367647059,0.05129825367647059,-0.05066518099741038
sentence_boundary,1,1,0.05129825367647059,0.05129825367647059,-0.05066518099741038
content_heavy,2,2,0.04764470496700676,0.04764470496700676,0.0012858823095857758
