category,triggers,samples,mean_impact,median_impact,mean_prompt_shift
punctuation,1,1,0.17164812184343434,0.17164812184343434,-0.1715590460192376
sentence_boundary,1,1,0.17164812184343434,0.17164812184343434,-0.1715590460192376
special_token,2,2,0.06546235170979878,0.06546235170979878,-0.02207191052567005
content_heavy,1,1,0.044140625,0.044140625,-0.041223026344225366
