category,triggers,samples,mean_impact,median_impact,mean_prompt_shift
special_token,1,1,0.25083705357142855,0.25083705357142855,-0.29213169642857145
punctuation,1,1,0.24381510416666666,0.24381510416666666,0.22637648809523808
sentence_boundary,1,1,0.24381510416666666,0.24381510416666666,0.22637648809523808
