category,triggers,samples,mean_impact,median_impact,mean_prompt_shift
special_token,1,1,0.24998431224899598,0.24998431224899598,-0.2496664156626507
content_heavy,3,3,0.13307339451679795,0.09033535289115646,0.07397957686195213
other,3,3,0.09742825624173279,0.07764446924603174,0.052411806230262314
punctuation,1,1,0.08472256397637795,0.08472256397637795,-0.08442375603623276
sentence_boundary,1,1,0.08472256397637795,0.08472256397637795,-0.08442375603623276
