category,triggers,samples,mean_impact,median_impact,mean_prompt_shift
other,1,1,0.035590277777777776,0.035590277777777776,-0.03559027777777779
content_heavy,3,3,0.03471176084188776,0.034515881147540985,-0.03198434726779079
