category,triggers,samples,mean_impact,median_impact,mean_prompt_shift
sentence_boundary,2,2,0.12072900631867119,0.12072900631867119,-0.12094170131683404
punctuation,2,2,0.12072900631867119,0.12072900631867119,-0.12094170131683404
content_heavy,3,3,0.049143351584757834,0.04558961004273504,-0.04821239089855145
other,1,1,0.03859375,0.03859375,-0.03761572460159368
