category,triggers,samples,mean_impact,median_impact,mean_prompt_shift
special_token,1,1,0.2109565548780488,0.2109565548780488,-0.21047833293866913
other,1,1,0.04725516183035714,0.04725516183035714,0.036462538389690935
punctuation,3,3,0.04174004831979559,0.04191832983193277,-0.03628373370376096
sentence_boundary,3,3,0.04174004831979559,0.04191832983193277,-0.03628373370376096
