category,triggers,samples,mean_impact,median_impact,mean_prompt_shift
special_token,1,1,0.16075642903645834,0.16075642903645834,-0.1606450583238882
content_heavy,3,3,0.061511484491104995,0.04449659778225806,-0.061067927816215506
punctuation,3,3,0.04427714547054052,0.0426128066588785,-0.010831051124998464
sentence_boundary,3,3,0.04427714547054052,0.0426128066588785,-0.010831051124998464
