category,triggers,samples,mean_impact,median_impact,mean_prompt_shift
content_heavy,5,5,0.1457312758891098,0.15548620810055866,0.14627141410749198
punctuation,8,8,0.13073206712893778,0.12367437703389932,-0.13091907612404577
sentence_boundary,8,8,0.13073206712893778,0.12367437703389932,-0.13091907612404577
other,2,2,0.12591762907608695,0.12591762907608695,0.12587914552768256
