category,triggers,samples,mean_impact,median_impact,mean_prompt_shift
special_token,2,2,0.08217409260529622,0.08217409260529622,-0.07993598610428103
punctuation,3,3,0.04834573082890071,0.05634765625,0.009424264320143594
sentence_boundary,3,3,0.04834573082890071,0.05634765625,0.009424264320143594
content_heavy,1,1,0.044757746848739496,0.044757746848739496,-0.04394720100383254
