category,triggers,samples,mean_impact,median_impact,mean_prompt_shift
special_token,1,1,0.21021133814102563,0.21021133814102563,-0.20941547291993723
content_heavy,3,3,0.04668304805780784,0.047572544642857144,-0.014756619627634257
