category,triggers,samples,mean_impact,median_impact,mean_prompt_shift
special_token,2,2,0.10225022946550547,0.10225022946550547,-0.10177812093227723
other,1,1,0.05124412933526012,0.05124412933526012,0.025303421491927436
punctuation,1,1,0.03934601814516129,0.03934601814516129,-0.03482241847435463
sentence_boundary,1,1,0.03934601814516129,0.03934601814516129,-0.03482241847435463
content_heavy,3,3,0.034797795351882696,0.03498899343922652,-0.013814752222856977
