category,triggers,samples,mean_impact,median_impact,mean_prompt_shift
special_token,3,3,0.2132897243575731,0.22220329122340426,-0.21287834068827494
content_heavy,5,5,0.12389665686947984,0.11161093042986425,0.01501596508522023
clause_boundary,1,1,0.1032398365162037,0.1032398365162037,0.10335665649268222
punctuation,1,1,0.1032398365162037,0.1032398365162037,0.10335665649268222
other,2,2,0.09367908703379353,0.09367908703379353,-0.005701916018179265
