category,triggers,samples,mean_impact,median_impact,mean_prompt_shift
special_token,1,1,0.16297846889952153,0.16297846889952153,-0.1626313653451812
content_heavy,1,1,0.07484772245762712,0.07484772245762712,-0.07495855737770862
other,2,2,0.03799851940524193,0.03799851940524193,-0.041862894956383456
