category,triggers,samples,mean_impact,median_impact,mean_prompt_shift
special_token,5,5,0.06123565033280572,0.041917067307692304,-0.030565998900572565
content_heavy,1,1,0.03402267156862745,0.03402267156862745,-0.03402267156862748
