category,triggers,samples,mean_impact,median_impact,mean_prompt_shift
special_token,2,2,0.17395832229592267,0.17395832229592267,-0.1734840116551229
content_heavy,1,1,0.08716124221991702,0.08716124221991702,0.08835641862204657
