category,triggers,samples,mean_impact,median_impact,mean_prompt_shift
special_token,1,1,0.283859637605042,0.283859637605042,-0.2833268048328118
other,2,2,0.10003685314911537,0.10003685314911537,0.023017519560532218
content_heavy,2,2,0.08734688034888494,0.08734688034888494,-0.0029110710170652254
