category,triggers,samples,mean_impact,median_impact,mean_prompt_shift
sentence_boundary,1,1,0.06901041666666667,0.06901041666666667,-0.07360026041666667
punctuation,1,1,0.06901041666666667,0.06901041666666667,-0.07360026041666667
content_heavy,1,1,0.05694110576923077,0.05694110576923077,0.047636933379120894
filler_marker,1,1,0.05694110576923077,0.05694110576923077,0.047636933379120894
other,1,1,0.055989583333333336,0.055989583333333336,0.05099826388888884
