category,triggers,samples,mean_impact,median_impact,mean_prompt_shift
special_token,3,3,0.05409106091975149,0.04220655487804878,-0.007819767297251349
sentence_boundary,2,2,0.046992933710548176,0.046992933710548176,-0.050591458977405565
punctuation,3,3,0.044727250058856936,0.040806361607142856,-0.04681865264296447
content_heavy,6,6,0.0429114137906498,0.036851569026733505,-0.020849329222362874
clause_boundary,1,1,0.04019588275547445,0.04019588275547445,-0.03927303997408227
