category,triggers,samples,mean_impact,median_impact,mean_prompt_shift
special_token,2,2,0.16569414277280417,0.16569414277280417,-0.16527255570323313
content_heavy,4,4,0.10176092925378659,0.07744229206561176,-0.00437102854977206
punctuation,1,1,0.06819661458333333,0.06819661458333333,-0.07467573116987178
sentence_boundary,1,1,0.06819661458333333,0.06819661458333333,-0.07467573116987178
other,1,1,0.0595703125,0.0595703125,0.05935581776769383
