category,triggers,samples,mean_impact,median_impact,mean_prompt_shift
punctuation,1,1,0.21947993064413265,0.21947993064413265,-0.2203340308105317
sentence_boundary,1,1,0.21947993064413265,0.21947993064413265,-0.2203340308105317
content_heavy,2,2,0.09635534485774253,0.09635534485774253,-0.04049973893873762
addition_marker,1,1,0.06852706755050506,0.06852706755050506,0.06823872360540079
special_token,1,1,0.058760159753363225,0.058760159753363225,-0.05854127775164164
