category,triggers,samples,mean_impact,median_impact,mean_prompt_shift
special_token,1,1,0.2347228167808219,0.2347228167808219,-0.23422330648090495
punctuation,1,1,0.043952047413793105,0.043952047413793105,-0.037471860976617866
sentence_boundary,1,1,0.043952047413793105,0.043952047413793105,-0.037471860976617866
