category,triggers,samples,mean_impact,median_impact,mean_prompt_shift
punctuation,1,1,0.21851624833776595,0.21851624833776595,-0.21917641470188837
sentence_boundary,1,1,0.21851624833776595,0.21851624833776595,-0.21917641470188837
