category,triggers,samples,mean_impact,median_impact,mean_prompt_shift
other,3,3,0.057987070777469896,0.05541424418604651,0.023710699748835367
special_token,6,6,0.05655137250425605,0.051534326239361314,-0.06219223669107702
punctuation,2,2,0.0501704467434667,0.0501704467434667,-0.049756785508399154
sentence_boundary,2,2,0.0501704467434667,0.0501704467434667,-0.049756785508399154
content_heavy,2,2,0.04810444528863959,0.04810444528863959,0.0018437946845926978
