category,triggers,samples,mean_impact,median_impact,mean_prompt_shift
special_token,2,2,0.10225022946550547,0.10225022946550547,-0.10177812093227723
other,1,1,0.05124412933526012,0.05124412933526012,0.025303421491927436
punctuation,1,1,0.03934601814516129,0.03934601814516129,-0.03482241847435463
sentence_boundary,1,1,0.03934601814516129,0.03934601814516129,-0.03482241847435463
content_heavy,2,2,0.036022376621574044,0.036022376621574044,-0.03636069170234102
