category,triggers,samples,mean_impact,median_impact,mean_prompt_shift
other,1,1,0.3685878537735849,0.3685878537735849,0.36612426843116697
special_token,1,1,0.3626065340909091,0.3626065340909091,-0.36159319196428574
content_heavy,1,1,0.21599264705882354,0.21599264705882354,-0.213628570418552
