category,triggers,samples,mean_impact,median_impact,mean_prompt_shift
special_token,1,1,0.3474609375,0.3474609375,-0.34687880478896105
other,1,1,0.3374668337264151,0.3374668337264151,0.3352588197720126
