category,triggers,samples,mean_impact,median_impact,mean_prompt_shift
other,2,2,0.08761106500971502,0.08761106500971502,0.007987736182084204
punctuation,2,2,0.08636167996916155,0.08636167996916155,-0.08572347044712186
sentence_boundary,2,2,0.08636167996916155,0.08636167996916155,-0.08572347044712186
special_token,3,3,0.08114320648690874,0.07714225672468354,-0.028835633108118004
