category,triggers,samples,mean_impact,median_impact,mean_prompt_shift
content_heavy,1,1,0.20093368902439024,0.20093368902439024,-0.20319305313588848
special_token,2,2,0.1095653044871795,0.1095653044871795,-0.08697366679544413
