category,triggers,samples,mean_impact,median_impact,mean_prompt_shift
special_token,1,1,0.20818917410714285,0.20818917410714285,-0.20704881544237014
sentence_boundary,2,2,0.0527477785238215,0.0527477785238215,0.008671363685862826
punctuation,2,2,0.0527477785238215,0.0527477785238215,0.008671363685862826
content_heavy,1,1,0.042344555412371136,0.042344555412371136,0.027997321487575944
other,1,1,0.04162016369047619,0.04162016369047619,-0.04173430735930736
