category,triggers,samples,mean_impact,median_impact,mean_prompt_shift
special_token,1,1,0.14725988051470587,0.14725988051470587,-0.14714330949605453
punctuation,2,2,0.096252582326752,0.096252582326752,-0.09688632890310223
sentence_boundary,2,2,0.096252582326752,0.096252582326752,-0.09688632890310223
content_heavy,5,5,0.07823242568363373,0.05753260334645669,-0.034120166432317196
