category,triggers,samples,mean_impact,median_impact,mean_prompt_shift
special_token,1,1,0.2907166772959184,0.2907166772959184,-0.2903911888688402
sentence_boundary,1,1,0.13997683904867256,0.13997683904867256,-0.13994219432234617
punctuation,1,1,0.13997683904867256,0.13997683904867256,-0.13994219432234617
content_heavy,5,5,0.12631278762074555,0.11064762443438914,0.032259862282688845
other,8,8,0.09871832243805898,0.09812657357896992,-0.02485289184944548
