category,triggers,samples,mean_impact,median_impact,mean_prompt_shift
special_token,1,1,0.3608487215909091,0.3608487215909091,-0.36032619724025977
other,1,1,0.33742998231132076,0.33742998231132076,0.33468830527166316
