category,triggers,samples,mean_impact,median_impact,mean_prompt_shift
content_heavy,1,1,0.043472782258064516,0.043472782258064516,-0.04307075652841785
punctuation,1,1,0.04221754807692308,0.04221754807692308,-0.03384701236263743
sentence_boundary,1,1,0.04221754807692308,0.04221754807692308,-0.03384701236263743
