category,triggers,samples,mean_impact,median_impact,mean_prompt_shift
punctuation,1,1,0.1938143643465909,0.1938143643465909,-0.19391963196584489
sentence_boundary,1,1,0.1938143643465909,0.1938143643465909,-0.19391963196584489
content_heavy,1,1,0.03594406512605042,0.03594406512605042,-0.035169653799019596
