category,triggers,samples,mean_impact,median_impact,mean_prompt_shift
special_token,1,1,0.23421288290513834,0.23421288290513834,-0.23407708628349566
punctuation,2,2,0.15140868480417707,0.15140868480417707,0.0064717224846507215
sentence_boundary,2,2,0.15140868480417707,0.15140868480417707,0.0064717224846507215
