category,triggers,samples,mean_impact,median_impact,mean_prompt_shift
other,1,1,0.10862379807692307,0.10862379807692307,-0.09599287431318682
