category,triggers,samples,mean_impact,median_impact,mean_prompt_shift
special_token,3,3,0.06041339696634923,0.040231913077731093,-0.06025867680129395
content_heavy,3,3,0.04367505643566375,0.03303395669291338,-0.04306468332314669
