category,triggers,samples,mean_impact,median_impact,mean_prompt_shift
special_token,1,1,0.22135112441588786,0.22135112441588786,-0.22056333711421433
content_heavy,1,1,0.0662841796875,0.0662841796875,-0.058045998597756415
