category,triggers,samples,mean_impact,median_impact,mean_prompt_shift
punctuation,2,2,0.10686656605113637,0.10686656605113637,-0.1069286833972268
sentence_boundary,2,2,0.10686656605113637,0.10686656605113637,-0.1069286833972268
special_token,2,2,0.03556978384820821,0.03556978384820821,0.0004994919905477041
