category,triggers,samples,mean_impact,median_impact,mean_prompt_shift
punctuation,3,3,0.07895834278392279,0.059159360859728505,-0.07684103509141178
sentence_boundary,3,3,0.07895834278392279,0.059159360859728505,-0.07684103509141178
special_token,1,1,0.060727326766304345,0.060727326766304345,-0.05818419047444179
other,1,1,0.049127072704081634,0.049127072704081634,0.04952455680876411
content_heavy,4,4,0.045114516059268556,0.0451811999340655,-0.022056384750312547
