pos,step_decoded,conf_decoded,token_id,token_str
28,0,0.578125,2023,Ġtype
29,1,1.0,300,Ġof
30,2,0.99609375,17222,Ġbias
31,3,0.96875,378,Ġthat
33,4,0.921875,3738,Ġhuman
34,5,0.99609375,10428,Ġjudgment
32,6,0.984375,27970,Ġinfluences
27,7,0.89453125,5146,One
36,8,0.9453125,1040,Ġthan
35,9,1.0,778,Ġmore
37,10,1.0,438,Ġwe
38,11,1.0,11660,Ġrealize
39,12,1.0,341,Ġis
40,13,0.453125,25137,Ġconfirmation
41,14,1.0,17222,Ġbias
42,15,0.953125,13,.
44,16,0.71875,17222,Ġbias
45,17,0.7265625,12909,Ġoccurs
46,18,1.0,950,Ġwhen
43,19,0.6171875,103248,ĠConfirmation
47,20,0.357421875,6083,Ġindividuals
49,21,0.2490234375,733,Ġout
48,22,0.95703125,6503,Ġseek
50,23,0.63671875,301,Ġand
51,24,0.8828125,9857,Ġinterpret
52,25,0.96484375,1698,Ġinformation
53,26,0.890625,296,Ġin
54,27,0.984375,259,Ġa
55,28,0.99609375,1487,Ġway
56,29,1.0,378,Ġthat
57,30,0.95703125,43268,Ġconfirms
58,31,0.97265625,802,Ġtheir
60,32,0.71875,17928,Ġbeliefs
59,33,0.95703125,7041,Ġexisting
61,34,0.326171875,453,Ġor
63,35,0.5234375,11,","
65,36,0.5546875,39191,Ġignoring
64,37,0.96484375,1816,Ġwhile
66,38,0.90625,453,Ġor
62,39,0.271484375,24086,Ġassumptions
67,40,0.5625,1635,Ġdown
68,41,0.99609375,72743,playing
71,42,0.89453125,88054,Ġcontradicts
70,43,1.0,378,Ġthat
74,44,0.671875,1077,ĠThis
73,45,1.0,13,.
72,46,0.96484375,989,Ġthem
69,47,0.62109375,4928,Ġevidence
75,48,0.76171875,560,Ġcan
76,49,0.85546875,2051,Ġlead
77,50,0.9921875,297,Ġto
80,51,0.25,301,Ġand
79,52,0.3828125,49754,Ġjudgments
78,53,0.294921875,93941,Ġskewed
81,54,0.302734375,259,Ġa
82,55,0.53125,6446,Ġlack
83,56,1.0,300,Ġof
90,57,0.9921875,126081,<|endoftext|>
89,58,0.96875,126348,<|eot_id|>
88,59,1.0,13,.
87,60,0.5078125,26069,Ġperspectives
84,61,0.75390625,13725,Ġconsideration
86,62,0.88671875,9101,Ġalternative
85,63,0.75390625,352,Ġfor
