category,triggers,samples,mean_impact,median_impact,mean_prompt_shift
other,1,1,0.21683773535564854,0.21683773535564854,0.2178708553979254
special_token,2,2,0.19682033841780247,0.19682033841780247,-0.19684796184152123
