category,triggers,samples,mean_impact,median_impact,mean_prompt_shift
special_token,4,4,0.18900243019191268,0.2002395144016825,-0.128211282418311
content_heavy,5,5,0.15771355068830245,0.14689045815012564,0.041787331181418086
other,1,1,0.14378446691176472,0.14378446691176472,0.14479371769628357
punctuation,1,1,0.10999236709770115,0.10999236709770115,-0.11041493483169129
sentence_boundary,1,1,0.10999236709770115,0.10999236709770115,-0.11041493483169129
