category,triggers,samples,mean_impact,median_impact,mean_prompt_shift
special_token,2,2,0.09239830349948197,0.09239830349948197,-0.09162057208194598
content_heavy,2,2,0.06728089347718254,0.06728089347718254,-0.06708314479466493
clause_boundary,1,1,0.0469482421875,0.0469482421875,-0.04413396661931818
punctuation,1,1,0.0469482421875,0.0469482421875,-0.04413396661931818
other,1,1,0.044706569881889764,0.044706569881889764,-0.044384456538520856
